timestamp,device,application,data_mb
2025-07-20 00:00:00,laptop,Zoom,76.64
2025-07-20 00:00:00,phone,Browsing,3.95
2025-07-20 00:00:00,tablet,Zoom,87.64
2025-07-20 00:15:00,laptop,Browsing,14.7
2025-07-20 00:15:00,phone,Browsing,17.25
2025-07-20 00:15:00,tablet,WhatsApp,1.25
2025-07-20 00:30:00,laptop,Browsing,4.27
2025-07-20 00:30:00,phone,WhatsApp,4.47
2025-07-20 00:30:00,tablet,Netflix,117.22
2025-07-20 00:45:00,laptop,Zoom,41.63
2025-07-20 00:45:00,phone,WhatsApp,1.21
2025-07-20 00:45:00,tablet,WhatsApp,1.21
2025-07-20 01:00:00,laptop,Netflix,75.95
2025-07-20 01:00:00,phone,Browsing,9.78
2025-07-20 01:00:00,tablet,Zoom,57.52
2025-07-20 01:15:00,laptop,Netflix,75.17
2025-07-20 01:15:00,phone,Netflix,138.5
2025-07-20 01:15:00,tablet,YouTube,34.26
2025-07-20 01:30:00,laptop,Netflix,119.86
2025-07-20 01:30:00,phone,YouTube,76.45
2025-07-20 01:30:00,tablet,WhatsApp,2.28
2025-07-20 01:45:00,laptop,Browsing,15.58
2025-07-20 01:45:00,phone,WhatsApp,2.54
2025-07-20 01:45:00,tablet,Netflix,97.13
2025-07-20 02:00:00,laptop,YouTube,37.47
2025-07-20 02:00:00,phone,YouTube,64.29
2025-07-20 02:00:00,tablet,WhatsApp,4.25
2025-07-20 02:15:00,laptop,Zoom,72.54
2025-07-20 02:15:00,phone,Browsing,5.38
2025-07-20 02:15:00,tablet,WhatsApp,2.77
2025-07-20 02:30:00,laptop,YouTube,58.89
2025-07-20 02:30:00,phone,Netflix,22.14
2025-07-20 02:30:00,tablet,Zoom,49.81
2025-07-20 02:45:00,laptop,YouTube,57.57
2025-07-20 02:45:00,phone,WhatsApp,1.65
2025-07-20 02:45:00,tablet,Netflix,78.54
2025-07-20 03:00:00,laptop,YouTube,73.17
2025-07-20 03:00:00,phone,WhatsApp,1.1
2025-07-20 03:00:00,tablet,Netflix,32.67
2025-07-20 03:15:00,laptop,Zoom,79.66
2025-07-20 03:15:00,phone,Netflix,79.56
2025-07-20 03:15:00,tablet,YouTube,14.97
2025-07-20 03:30:00,laptop,YouTube,70.32
2025-07-20 03:30:00,phone,Zoom,105.77
2025-07-20 03:30:00,tablet,Zoom,33.07
2025-07-20 03:45:00,laptop,Netflix,97.5
2025-07-20 03:45:00,phone,Netflix,47.94
2025-07-20 03:45:00,tablet,Browsing,10.56
2025-07-20 04:00:00,laptop,Netflix,142.1
2025-07-20 04:00:00,phone,WhatsApp,0.91
2025-07-20 04:00:00,tablet,Zoom,84.8
2025-07-20 04:15:00,laptop,Browsing,1.76
2025-07-20 04:15:00,phone,Browsing,9.75
2025-07-20 04:15:00,tablet,YouTube,98.56
2025-07-20 04:30:00,laptop,YouTube,69.93
2025-07-20 04:30:00,phone,WhatsApp,4.53
2025-07-20 04:30:00,tablet,YouTube,72.67
2025-07-20 04:45:00,laptop,Browsing,4.89
2025-07-20 04:45:00,phone,WhatsApp,3.56
2025-07-20 04:45:00,tablet,Browsing,9.16
2025-07-20 05:00:00,laptop,Netflix,84.34
2025-07-20 05:00:00,phone,Browsing,12.9
2025-07-20 05:00:00,tablet,Browsing,18.87
2025-07-20 05:15:00,laptop,Browsing,2.31
2025-07-20 05:15:00,phone,WhatsApp,4.34
2025-07-20 05:15:00,tablet,Netflix,88.86
2025-07-20 05:30:00,laptop,WhatsApp,4.27
2025-07-20 05:30:00,phone,WhatsApp,1.48
2025-07-20 05:30:00,tablet,YouTube,13.08
2025-07-20 05:45:00,laptop,Zoom,58.26
2025-07-20 05:45:00,phone,WhatsApp,4.82
2025-07-20 05:45:00,tablet,Browsing,6.46
2025-07-20 06:00:00,laptop,Netflix,75.44
2025-07-20 06:00:00,phone,YouTube,23.34
2025-07-20 06:00:00,tablet,Browsing,6.94
2025-07-20 06:15:00,laptop,Browsing,8.36
2025-07-20 06:15:00,phone,WhatsApp,4.85
2025-07-20 06:15:00,tablet,Zoom,92.77
2025-07-20 06:30:00,laptop,Netflix,52.75
2025-07-20 06:30:00,phone,WhatsApp,4.65
2025-07-20 06:30:00,tablet,Zoom,61.32
2025-07-20 06:45:00,laptop,Zoom,51.8
2025-07-20 06:45:00,phone,WhatsApp,2.5
2025-07-20 06:45:00,tablet,Netflix,67.33
2025-07-20 07:00:00,laptop,WhatsApp,4.07
2025-07-20 07:00:00,phone,WhatsApp,2.09
2025-07-20 07:00:00,tablet,WhatsApp,2.61
2025-07-20 07:15:00,laptop,WhatsApp,4.76
2025-07-20 07:15:00,phone,Netflix,130.31
2025-07-20 07:15:00,tablet,WhatsApp,1.02
2025-07-20 07:30:00,laptop,Browsing,11.81
2025-07-20 07:30:00,phone,YouTube,51.09
2025-07-20 07:30:00,tablet,YouTube,43.94
2025-07-20 07:45:00,laptop,Browsing,4.24
2025-07-20 07:45:00,phone,Netflix,98.15
2025-07-20 07:45:00,tablet,Netflix,49.9
2025-07-20 08:00:00,laptop,YouTube,12.05
2025-07-20 08:00:00,phone,Zoom,75.6
2025-07-20 08:00:00,tablet,Browsing,11.98
2025-07-20 08:15:00,laptop,Zoom,64.96
2025-07-20 08:15:00,phone,Browsing,19.77
2025-07-20 08:15:00,tablet,WhatsApp,4.44
2025-07-20 08:30:00,laptop,Zoom,91.8
2025-07-20 08:30:00,phone,Netflix,48.37
2025-07-20 08:30:00,tablet,Netflix,27.5
2025-07-20 08:45:00,laptop,Browsing,8.14
2025-07-20 08:45:00,phone,WhatsApp,3.97
2025-07-20 08:45:00,tablet,YouTube,12.57
2025-07-20 09:00:00,laptop,Netflix,71.34
2025-07-20 09:00:00,phone,Netflix,45.94
2025-07-20 09:00:00,tablet,Zoom,43.07
2025-07-20 09:15:00,laptop,Zoom,78.45
2025-07-20 09:15:00,phone,Netflix,71.46
2025-07-20 09:15:00,tablet,WhatsApp,2.35
2025-07-20 09:30:00,laptop,Browsing,10.31
2025-07-20 09:30:00,phone,WhatsApp,2.35
2025-07-20 09:30:00,tablet,Browsing,10.0
2025-07-20 09:45:00,laptop,Zoom,71.76
2025-07-20 09:45:00,phone,Zoom,61.5
2025-07-20 09:45:00,tablet,Netflix,46.55
2025-07-20 10:00:00,laptop,WhatsApp,4.21
2025-07-20 10:00:00,phone,WhatsApp,0.51
2025-07-20 10:00:00,tablet,Zoom,56.32
2025-07-20 10:15:00,laptop,Netflix,39.17
2025-07-20 10:15:00,phone,Netflix,29.05
2025-07-20 10:15:00,tablet,Browsing,7.86
2025-07-20 10:30:00,laptop,YouTube,27.85
2025-07-20 10:30:00,phone,Netflix,94.19
2025-07-20 10:30:00,tablet,WhatsApp,3.21
2025-07-20 10:45:00,laptop,Netflix,147.63
2025-07-20 10:45:00,phone,WhatsApp,2.97
2025-07-20 10:45:00,tablet,YouTube,94.36
2025-07-20 11:00:00,laptop,Browsing,14.07
2025-07-20 11:00:00,phone,YouTube,73.38
2025-07-20 11:00:00,tablet,YouTube,59.34
2025-07-20 11:15:00,laptop,YouTube,71.67
2025-07-20 11:15:00,phone,YouTube,26.3
2025-07-20 11:15:00,tablet,Zoom,61.53
2025-07-20 11:30:00,laptop,Netflix,52.26
2025-07-20 11:30:00,phone,Netflix,100.77
2025-07-20 11:30:00,tablet,Zoom,83.23
2025-07-20 11:45:00,laptop,Zoom,62.97
2025-07-20 11:45:00,phone,YouTube,87.68
2025-07-20 11:45:00,tablet,WhatsApp,3.13
2025-07-20 12:00:00,laptop,Zoom,105.9
2025-07-20 12:00:00,phone,Zoom,109.31
2025-07-20 12:00:00,tablet,YouTube,48.63
2025-07-20 12:15:00,laptop,WhatsApp,4.2
2025-07-20 12:15:00,phone,YouTube,12.82
2025-07-20 12:15:00,tablet,WhatsApp,2.83
2025-07-20 12:30:00,laptop,WhatsApp,4.99
2025-07-20 12:30:00,phone,YouTube,69.15
2025-07-20 12:30:00,tablet,YouTube,83.97
2025-07-20 12:45:00,laptop,Browsing,4.84
2025-07-20 12:45:00,phone,Netflix,41.06
2025-07-20 12:45:00,tablet,YouTube,68.65
2025-07-20 13:00:00,laptop,Zoom,44.59
2025-07-20 13:00:00,phone,Netflix,118.61
2025-07-20 13:00:00,tablet,Netflix,130.52
2025-07-20 13:15:00,laptop,YouTube,69.47
2025-07-20 13:15:00,phone,Netflix,146.29
2025-07-20 13:15:00,tablet,WhatsApp,0.99
2025-07-20 13:30:00,laptop,Zoom,103.07
2025-07-20 13:30:00,phone,Netflix,52.13
2025-07-20 13:30:00,tablet,YouTube,92.42
2025-07-20 13:45:00,laptop,Netflix,65.13
2025-07-20 13:45:00,phone,Browsing,1.78
2025-07-20 13:45:00,tablet,YouTube,39.54
2025-07-20 14:00:00,laptop,YouTube,49.13
2025-07-20 14:00:00,phone,Zoom,43.15
2025-07-20 14:00:00,tablet,WhatsApp,4.76
2025-07-20 14:15:00,laptop,WhatsApp,3.53
2025-07-20 14:15:00,phone,YouTube,34.28
2025-07-20 14:15:00,tablet,YouTube,50.59
2025-07-20 14:30:00,laptop,YouTube,21.21
2025-07-20 14:30:00,phone,YouTube,15.76
2025-07-20 14:30:00,tablet,YouTube,24.74
2025-07-20 14:45:00,laptop,YouTube,28.68
2025-07-20 14:45:00,phone,Zoom,61.48
2025-07-20 14:45:00,tablet,Browsing,4.33
2025-07-20 15:00:00,laptop,Netflix,56.25
2025-07-20 15:00:00,phone,Netflix,139.47
2025-07-20 15:00:00,tablet,Zoom,114.17
2025-07-20 15:15:00,laptop,Netflix,35.21
2025-07-20 15:15:00,phone,WhatsApp,3.37
2025-07-20 15:15:00,tablet,Netflix,140.94
2025-07-20 15:30:00,laptop,WhatsApp,3.6
2025-07-20 15:30:00,phone,Zoom,109.71
2025-07-20 15:30:00,tablet,Netflix,30.95
2025-07-20 15:45:00,laptop,Browsing,3.45
2025-07-20 15:45:00,phone,YouTube,13.54
2025-07-20 15:45:00,tablet,Netflix,119.18
2025-07-20 16:00:00,laptop,Browsing,4.49
2025-07-20 16:00:00,phone,WhatsApp,2.48
2025-07-20 16:00:00,tablet,Browsing,8.8
2025-07-20 16:15:00,laptop,Browsing,10.73
2025-07-20 16:15:00,phone,Zoom,85.42
2025-07-20 16:15:00,tablet,Netflix,42.01
2025-07-20 16:30:00,laptop,Netflix,80.83
2025-07-20 16:30:00,phone,YouTube,81.57
2025-07-20 16:30:00,tablet,WhatsApp,1.33
2025-07-20 16:45:00,laptop,Zoom,74.35
2025-07-20 16:45:00,phone,Zoom,68.42
2025-07-20 16:45:00,tablet,Netflix,112.38
2025-07-20 17:00:00,laptop,YouTube,35.91
2025-07-20 17:00:00,phone,Netflix,114.28
2025-07-20 17:00:00,tablet,WhatsApp,3.87
2025-07-20 17:15:00,laptop,Netflix,37.93
2025-07-20 17:15:00,phone,Zoom,115.7
2025-07-20 17:15:00,tablet,Zoom,90.08
2025-07-20 17:30:00,laptop,YouTube,91.88
2025-07-20 17:30:00,phone,Zoom,55.95
2025-07-20 17:30:00,tablet,Browsing,5.98
2025-07-20 17:45:00,laptop,YouTube,97.97
2025-07-20 17:45:00,phone,Browsing,14.51
2025-07-20 17:45:00,tablet,Zoom,31.87
2025-07-20 18:00:00,laptop,Zoom,59.49
2025-07-20 18:00:00,phone,YouTube,71.15
2025-07-20 18:00:00,tablet,WhatsApp,0.74
2025-07-20 18:15:00,laptop,Zoom,60.81
2025-07-20 18:15:00,phone,YouTube,79.59
2025-07-20 18:15:00,tablet,Browsing,8.3
2025-07-20 18:30:00,laptop,WhatsApp,1.46
2025-07-20 18:30:00,phone,Netflix,59.82
2025-07-20 18:30:00,tablet,Zoom,65.16
2025-07-20 18:45:00,laptop,WhatsApp,1.58
2025-07-20 18:45:00,phone,YouTube,68.62
2025-07-20 18:45:00,tablet,Zoom,58.24
2025-07-20 19:00:00,laptop,Netflix,48.68
2025-07-20 19:00:00,phone,YouTube,48.67
2025-07-20 19:00:00,tablet,Zoom,69.73
2025-07-20 19:15:00,laptop,Browsing,10.46
2025-07-20 19:15:00,phone,YouTube,28.52
2025-07-20 19:15:00,tablet,YouTube,26.55
2025-07-20 19:30:00,laptop,Browsing,7.06
2025-07-20 19:30:00,phone,Zoom,66.19
2025-07-20 19:30:00,tablet,WhatsApp,2.31
2025-07-20 19:45:00,laptop,WhatsApp,3.25
2025-07-20 19:45:00,phone,Browsing,5.38
2025-07-20 19:45:00,tablet,Zoom,51.14
2025-07-20 20:00:00,laptop,Zoom,37.73
2025-07-20 20:00:00,phone,WhatsApp,1.32
2025-07-20 20:00:00,tablet,Netflix,135.45
2025-07-20 20:15:00,laptop,Zoom,80.62
2025-07-20 20:15:00,phone,WhatsApp,1.23
2025-07-20 20:15:00,tablet,YouTube,98.57
2025-07-20 20:30:00,laptop,Browsing,9.96
2025-07-20 20:30:00,phone,Zoom,87.22
2025-07-20 20:30:00,tablet,Zoom,69.81
2025-07-20 20:45:00,laptop,WhatsApp,3.81
2025-07-20 20:45:00,phone,Browsing,14.59
2025-07-20 20:45:00,tablet,Netflix,90.71
2025-07-20 21:00:00,laptop,WhatsApp,1.95
2025-07-20 21:00:00,phone,Zoom,42.1
2025-07-20 21:00:00,tablet,Netflix,37.74
2025-07-20 21:15:00,laptop,Zoom,96.89
2025-07-20 21:15:00,phone,WhatsApp,1.61
2025-07-20 21:15:00,tablet,YouTube,90.15
2025-07-20 21:30:00,laptop,WhatsApp,1.24
2025-07-20 21:30:00,phone,Browsing,16.32
2025-07-20 21:30:00,tablet,Browsing,4.07
2025-07-20 21:45:00,laptop,Netflix,143.8
2025-07-20 21:45:00,phone,Browsing,2.57
2025-07-20 21:45:00,tablet,Zoom,60.66
2025-07-20 22:00:00,laptop,Netflix,50.21
2025-07-20 22:00:00,phone,Browsing,1.28
2025-07-20 22:00:00,tablet,Netflix,110.09
2025-07-20 22:15:00,laptop,Netflix,75.91
2025-07-20 22:15:00,phone,Browsing,12.8
2025-07-20 22:15:00,tablet,WhatsApp,3.54
2025-07-20 22:30:00,laptop,YouTube,11.58
2025-07-20 22:30:00,phone,Zoom,109.59
2025-07-20 22:30:00,tablet,WhatsApp,4.63
2025-07-20 22:45:00,laptop,Zoom,96.43
2025-07-20 22:45:00,phone,WhatsApp,2.46
2025-07-20 22:45:00,tablet,Netflix,20.1
2025-07-20 23:00:00,laptop,WhatsApp,1.35
2025-07-20 23:00:00,phone,WhatsApp,3.33
2025-07-20 23:00:00,tablet,Zoom,110.18
2025-07-20 23:15:00,laptop,YouTube,93.61
2025-07-20 23:15:00,phone,WhatsApp,1.1
2025-07-20 23:15:00,tablet,Browsing,9.08
2025-07-20 23:30:00,laptop,Netflix,113.77
2025-07-20 23:30:00,phone,YouTube,98.51
2025-07-20 23:30:00,tablet,WhatsApp,1.55
2025-07-20 23:45:00,laptop,Zoom,92.44
2025-07-20 23:45:00,phone,Browsing,13.82
2025-07-20 23:45:00,tablet,Browsing,18.86
2025-07-21 00:00:00,laptop,YouTube,15.6
2025-07-21 00:00:00,phone,Browsing,19.07
2025-07-21 00:00:00,tablet,Browsing,11.94
2025-07-21 00:15:00,laptop,Netflix,144.3
2025-07-21 00:15:00,phone,Zoom,41.11
2025-07-21 00:15:00,tablet,Netflix,26.94
2025-07-21 00:30:00,laptop,YouTube,82.79
2025-07-21 00:30:00,phone,Browsing,1.53
2025-07-21 00:30:00,tablet,WhatsApp,4.47
2025-07-21 00:45:00,laptop,WhatsApp,1.04
2025-07-21 00:45:00,phone,WhatsApp,1.41
2025-07-21 00:45:00,tablet,WhatsApp,1.56
2025-07-21 01:00:00,laptop,Zoom,67.88
2025-07-21 01:00:00,phone,YouTube,67.17
2025-07-21 01:00:00,tablet,Zoom,102.1
2025-07-21 01:15:00,laptop,WhatsApp,3.36
2025-07-21 01:15:00,phone,WhatsApp,3.81
2025-07-21 01:15:00,tablet,Browsing,13.65
2025-07-21 01:30:00,laptop,Zoom,61.95
2025-07-21 01:30:00,phone,Browsing,10.08
2025-07-21 01:30:00,tablet,WhatsApp,2.38
2025-07-21 01:45:00,laptop,Zoom,69.88
2025-07-21 01:45:00,phone,Zoom,111.77
2025-07-21 01:45:00,tablet,Browsing,19.97
2025-07-21 02:00:00,laptop,Netflix,133.52
2025-07-21 02:00:00,phone,YouTube,34.28
2025-07-21 02:00:00,tablet,Netflix,88.84
2025-07-21 02:15:00,laptop,YouTube,46.54
2025-07-21 02:15:00,phone,WhatsApp,4.65
2025-07-21 02:15:00,tablet,YouTube,11.55
2025-07-21 02:30:00,laptop,Netflix,125.75
2025-07-21 02:30:00,phone,WhatsApp,1.13
2025-07-21 02:30:00,tablet,WhatsApp,4.5
2025-07-21 02:45:00,laptop,Zoom,78.09
2025-07-21 02:45:00,phone,Browsing,4.91
2025-07-21 02:45:00,tablet,WhatsApp,1.33
2025-07-21 03:00:00,laptop,Zoom,93.32
2025-07-21 03:00:00,phone,Zoom,75.5
2025-07-21 03:00:00,tablet,Browsing,9.25
2025-07-21 03:15:00,laptop,Netflix,109.65
2025-07-21 03:15:00,phone,Browsing,1.28
2025-07-21 03:15:00,tablet,Netflix,84.05
2025-07-21 03:30:00,laptop,YouTube,48.2
2025-07-21 03:30:00,phone,Zoom,88.23
2025-07-21 03:30:00,tablet,Netflix,55.84
2025-07-21 03:45:00,laptop,YouTube,23.24
2025-07-21 03:45:00,phone,YouTube,38.15
2025-07-21 03:45:00,tablet,YouTube,97.76
2025-07-21 04:00:00,laptop,Zoom,42.21
2025-07-21 04:00:00,phone,Zoom,55.48
2025-07-21 04:00:00,tablet,Zoom,33.63
2025-07-21 04:15:00,laptop,YouTube,64.94
2025-07-21 04:15:00,phone,WhatsApp,1.05
2025-07-21 04:15:00,tablet,Browsing,16.43
2025-07-21 04:30:00,laptop,Netflix,29.89
2025-07-21 04:30:00,phone,Netflix,88.4
2025-07-21 04:30:00,tablet,WhatsApp,3.59
2025-07-21 04:45:00,laptop,Browsing,16.65
2025-07-21 04:45:00,phone,WhatsApp,3.23
2025-07-21 04:45:00,tablet,Zoom,44.4
2025-07-21 05:00:00,laptop,Zoom,116.63
2025-07-21 05:00:00,phone,YouTube,77.74
2025-07-21 05:00:00,tablet,YouTube,69.78
2025-07-21 05:15:00,laptop,Browsing,8.28
2025-07-21 05:15:00,phone,Netflix,31.86
2025-07-21 05:15:00,tablet,WhatsApp,2.57
2025-07-21 05:30:00,laptop,YouTube,72.4
2025-07-21 05:30:00,phone,WhatsApp,2.72
2025-07-21 05:30:00,tablet,Netflix,83.93
2025-07-21 05:45:00,laptop,WhatsApp,1.54
2025-07-21 05:45:00,phone,Zoom,79.47
2025-07-21 05:45:00,tablet,Browsing,19.75
2025-07-21 06:00:00,laptop,Netflix,35.9
2025-07-21 06:00:00,phone,YouTube,43.82
2025-07-21 06:00:00,tablet,YouTube,13.25
2025-07-21 06:15:00,laptop,Zoom,65.33
2025-07-21 06:15:00,phone,Browsing,1.75
2025-07-21 06:15:00,tablet,Browsing,7.43
2025-07-21 06:30:00,laptop,Zoom,98.79
2025-07-21 06:30:00,phone,Netflix,61.44
2025-07-21 06:30:00,tablet,WhatsApp,4.5
2025-07-21 06:45:00,laptop,WhatsApp,1.79
2025-07-21 06:45:00,phone,Netflix,85.76
2025-07-21 06:45:00,tablet,Zoom,48.31
2025-07-21 07:00:00,laptop,Zoom,72.69
2025-07-21 07:00:00,phone,Zoom,77.05
2025-07-21 07:00:00,tablet,Zoom,35.96
2025-07-21 07:15:00,laptop,WhatsApp,3.16
2025-07-21 07:15:00,phone,Browsing,18.84
2025-07-21 07:15:00,tablet,WhatsApp,1.21
2025-07-21 07:30:00,laptop,WhatsApp,1.19
2025-07-21 07:30:00,phone,WhatsApp,4.08
2025-07-21 07:30:00,tablet,YouTube,75.91
2025-07-21 07:45:00,laptop,Browsing,18.0
2025-07-21 07:45:00,phone,YouTube,47.99
2025-07-21 07:45:00,tablet,Netflix,90.59
2025-07-21 08:00:00,laptop,Browsing,12.23
2025-07-21 08:00:00,phone,Netflix,115.81
2025-07-21 08:00:00,tablet,Browsing,5.06
2025-07-21 08:15:00,laptop,Netflix,117.6
2025-07-21 08:15:00,phone,YouTube,63.89
2025-07-21 08:15:00,tablet,Netflix,47.61
2025-07-21 08:30:00,laptop,Netflix,49.9
2025-07-21 08:30:00,phone,Zoom,64.51
2025-07-21 08:30:00,tablet,Zoom,83.05
2025-07-21 08:45:00,laptop,Zoom,107.02
2025-07-21 08:45:00,phone,Browsing,19.19
2025-07-21 08:45:00,tablet,Zoom,70.87
2025-07-21 09:00:00,laptop,Netflix,76.16
2025-07-21 09:00:00,phone,WhatsApp,3.58
2025-07-21 09:00:00,tablet,WhatsApp,4.23
2025-07-21 09:15:00,laptop,YouTube,21.41
2025-07-21 09:15:00,phone,Browsing,19.1
2025-07-21 09:15:00,tablet,Zoom,47.45
2025-07-21 09:30:00,laptop,YouTube,66.87
2025-07-21 09:30:00,phone,YouTube,18.22
2025-07-21 09:30:00,tablet,Zoom,66.86
2025-07-21 09:45:00,laptop,Netflix,50.57
2025-07-21 09:45:00,phone,Netflix,146.8
2025-07-21 09:45:00,tablet,WhatsApp,1.99
2025-07-21 10:00:00,laptop,YouTube,18.72
2025-07-21 10:00:00,phone,WhatsApp,1.75
2025-07-21 10:00:00,tablet,WhatsApp,0.89
2025-07-21 10:15:00,laptop,Zoom,82.16
2025-07-21 10:15:00,phone,WhatsApp,3.31
2025-07-21 10:15:00,tablet,WhatsApp,4.35
2025-07-21 10:30:00,laptop,Netflix,114.36
2025-07-21 10:30:00,phone,WhatsApp,3.22
2025-07-21 10:30:00,tablet,Netflix,143.76
2025-07-21 10:45:00,laptop,WhatsApp,4.33
2025-07-21 10:45:00,phone,Browsing,7.41
2025-07-21 10:45:00,tablet,WhatsApp,1.55
2025-07-21 11:00:00,laptop,Netflix,61.16
2025-07-21 11:00:00,phone,Browsing,10.77
2025-07-21 11:00:00,tablet,Netflix,108.15
2025-07-21 11:15:00,laptop,WhatsApp,4.22
2025-07-21 11:15:00,phone,YouTube,60.17
2025-07-21 11:15:00,tablet,Zoom,100.07
2025-07-21 11:30:00,laptop,Zoom,53.54
2025-07-21 11:30:00,phone,YouTube,79.24
2025-07-21 11:30:00,tablet,YouTube,10.9
2025-07-21 11:45:00,laptop,WhatsApp,3.43
2025-07-21 11:45:00,phone,YouTube,33.9
2025-07-21 11:45:00,tablet,Zoom,113.16
2025-07-21 12:00:00,laptop,Zoom,89.17
2025-07-21 12:00:00,phone,Browsing,11.5
2025-07-21 12:00:00,tablet,YouTube,83.18
2025-07-21 12:15:00,laptop,YouTube,50.29
2025-07-21 12:15:00,phone,Browsing,18.89
2025-07-21 12:15:00,tablet,Browsing,1.82
2025-07-21 12:30:00,laptop,YouTube,46.41
2025-07-21 12:30:00,phone,Zoom,54.17
2025-07-21 12:30:00,tablet,YouTube,23.51
2025-07-21 12:45:00,laptop,Netflix,22.66
2025-07-21 12:45:00,phone,YouTube,91.21
2025-07-21 12:45:00,tablet,WhatsApp,2.55
2025-07-21 13:00:00,laptop,Browsing,15.04
2025-07-21 13:00:00,phone,Netflix,50.61
2025-07-21 13:00:00,tablet,Browsing,1.5
2025-07-21 13:15:00,laptop,Browsing,7.36
2025-07-21 13:15:00,phone,Zoom,69.03
2025-07-21 13:15:00,tablet,YouTube,24.78
2025-07-21 13:30:00,laptop,Zoom,114.82
2025-07-21 13:30:00,phone,Browsing,12.3
2025-07-21 13:30:00,tablet,YouTube,17.1
2025-07-21 13:45:00,laptop,Zoom,66.42
2025-07-21 13:45:00,phone,Netflix,21.22
2025-07-21 13:45:00,tablet,YouTube,82.75
2025-07-21 14:00:00,laptop,YouTube,42.3
2025-07-21 14:00:00,phone,Browsing,19.54
2025-07-21 14:00:00,tablet,Browsing,3.38
2025-07-21 14:15:00,laptop,WhatsApp,3.54
2025-07-21 14:15:00,phone,YouTube,37.99
2025-07-21 14:15:00,tablet,Browsing,17.79
2025-07-21 14:30:00,laptop,Zoom,103.5
2025-07-21 14:30:00,phone,YouTube,96.36
2025-07-21 14:30:00,tablet,YouTube,50.04
2025-07-21 14:45:00,laptop,WhatsApp,1.89
2025-07-21 14:45:00,phone,YouTube,50.74
2025-07-21 14:45:00,tablet,Zoom,47.53
2025-07-21 15:00:00,laptop,WhatsApp,2.96
2025-07-21 15:00:00,phone,YouTube,11.05
2025-07-21 15:00:00,tablet,Zoom,43.89
2025-07-21 15:15:00,laptop,YouTube,92.28
2025-07-21 15:15:00,phone,YouTube,59.26
2025-07-21 15:15:00,tablet,Browsing,10.47
2025-07-21 15:30:00,laptop,YouTube,22.18
2025-07-21 15:30:00,phone,YouTube,41.28
2025-07-21 15:30:00,tablet,Zoom,77.18
2025-07-21 15:45:00,laptop,YouTube,52.49
2025-07-21 15:45:00,phone,YouTube,29.19
2025-07-21 15:45:00,tablet,Netflix,85.44
2025-07-21 16:00:00,laptop,Zoom,64.5
2025-07-21 16:00:00,phone,Zoom,117.56
2025-07-21 16:00:00,tablet,Zoom,59.58
2025-07-21 16:15:00,laptop,WhatsApp,2.82
2025-07-21 16:15:00,phone,Netflix,37.43
2025-07-21 16:15:00,tablet,Zoom,51.55
2025-07-21 16:30:00,laptop,Zoom,87.7
2025-07-21 16:30:00,phone,Zoom,70.51
2025-07-21 16:30:00,tablet,Netflix,103.97
2025-07-21 16:45:00,laptop,WhatsApp,3.13
2025-07-21 16:45:00,phone,WhatsApp,4.71
2025-07-21 16:45:00,tablet,Browsing,4.51
2025-07-21 17:00:00,laptop,YouTube,43.68
2025-07-21 17:00:00,phone,YouTube,33.32
2025-07-21 17:00:00,tablet,Browsing,17.32
2025-07-21 17:15:00,laptop,YouTube,90.63
2025-07-21 17:15:00,phone,Netflix,63.73
2025-07-21 17:15:00,tablet,WhatsApp,2.84
2025-07-21 17:30:00,laptop,YouTube,26.55
2025-07-21 17:30:00,phone,YouTube,14.52
2025-07-21 17:30:00,tablet,Browsing,19.32
2025-07-21 17:45:00,laptop,Browsing,6.78
2025-07-21 17:45:00,phone,Browsing,9.72
2025-07-21 17:45:00,tablet,YouTube,77.61
2025-07-21 18:00:00,laptop,YouTube,64.71
2025-07-21 18:00:00,phone,Zoom,36.01
2025-07-21 18:00:00,tablet,WhatsApp,4.71
2025-07-21 18:15:00,laptop,Browsing,16.94
2025-07-21 18:15:00,phone,Browsing,15.5
2025-07-21 18:15:00,tablet,WhatsApp,2.0
2025-07-21 18:30:00,laptop,Browsing,10.2
2025-07-21 18:30:00,phone,Browsing,8.67
2025-07-21 18:30:00,tablet,Browsing,12.47
2025-07-21 18:45:00,laptop,WhatsApp,2.21
2025-07-21 18:45:00,phone,Zoom,114.9
2025-07-21 18:45:00,tablet,Browsing,3.31
2025-07-21 19:00:00,laptop,WhatsApp,2.57
2025-07-21 19:00:00,phone,Browsing,8.89
2025-07-21 19:00:00,tablet,WhatsApp,3.89
2025-07-21 19:15:00,laptop,Netflix,115.7
2025-07-21 19:15:00,phone,Zoom,63.83
2025-07-21 19:15:00,tablet,YouTube,88.6
2025-07-21 19:30:00,laptop,Netflix,40.9
2025-07-21 19:30:00,phone,WhatsApp,1.92
2025-07-21 19:30:00,tablet,Netflix,102.59
2025-07-21 19:45:00,laptop,YouTube,71.08
2025-07-21 19:45:00,phone,Browsing,13.2
2025-07-21 19:45:00,tablet,Netflix,125.92
2025-07-21 20:00:00,laptop,Browsing,1.79
2025-07-21 20:00:00,phone,Browsing,9.0
2025-07-21 20:00:00,tablet,Netflix,146.22
2025-07-21 20:15:00,laptop,Netflix,69.99
2025-07-21 20:15:00,phone,Netflix,142.05
2025-07-21 20:15:00,tablet,WhatsApp,1.34
2025-07-21 20:30:00,laptop,YouTube,29.56
2025-07-21 20:30:00,phone,WhatsApp,3.8
2025-07-21 20:30:00,tablet,Netflix,99.25
2025-07-21 20:45:00,laptop,YouTube,26.57
2025-07-21 20:45:00,phone,Netflix,46.99
2025-07-21 20:45:00,tablet,Netflix,109.78
2025-07-21 21:00:00,laptop,WhatsApp,2.46
2025-07-21 21:00:00,phone,YouTube,21.25
2025-07-21 21:00:00,tablet,WhatsApp,1.38
2025-07-21 21:15:00,laptop,Netflix,138.92
2025-07-21 21:15:00,phone,YouTube,61.25
2025-07-21 21:15:00,tablet,Zoom,99.32
2025-07-21 21:30:00,laptop,Zoom,117.34
2025-07-21 21:30:00,phone,Browsing,6.34
2025-07-21 21:30:00,tablet,Zoom,65.62
2025-07-21 21:45:00,laptop,Netflix,147.69
2025-07-21 21:45:00,phone,Browsing,7.13
2025-07-21 21:45:00,tablet,YouTube,87.84
2025-07-21 22:00:00,laptop,Zoom,57.42
2025-07-21 22:00:00,phone,Zoom,52.97
2025-07-21 22:00:00,tablet,Browsing,1.24
2025-07-21 22:15:00,laptop,WhatsApp,3.72
2025-07-21 22:15:00,phone,WhatsApp,1.83
2025-07-21 22:15:00,tablet,WhatsApp,2.34
2025-07-21 22:30:00,laptop,Zoom,43.42
2025-07-21 22:30:00,phone,WhatsApp,3.47
2025-07-21 22:30:00,tablet,Browsing,11.21
2025-07-21 22:45:00,laptop,Netflix,50.25
2025-07-21 22:45:00,phone,YouTube,26.46
2025-07-21 22:45:00,tablet,Netflix,86.6
2025-07-21 23:00:00,laptop,YouTube,95.11
2025-07-21 23:00:00,phone,WhatsApp,1.55
2025-07-21 23:00:00,tablet,Browsing,4.24
2025-07-21 23:15:00,laptop,Zoom,45.88
2025-07-21 23:15:00,phone,Browsing,18.27
2025-07-21 23:15:00,tablet,Netflix,56.33
2025-07-21 23:30:00,laptop,YouTube,78.21
2025-07-21 23:30:00,phone,WhatsApp,2.39
2025-07-21 23:30:00,tablet,Browsing,17.23
2025-07-21 23:45:00,laptop,Netflix,132.39
2025-07-21 23:45:00,phone,YouTube,99.41
2025-07-21 23:45:00,tablet,YouTube,72.4
2025-07-22 00:00:00,laptop,Zoom,70.11
2025-07-22 00:00:00,phone,Zoom,78.31
2025-07-22 00:00:00,tablet,Browsing,2.69
2025-07-22 00:15:00,laptop,Netflix,28.04
2025-07-22 00:15:00,phone,WhatsApp,4.48
2025-07-22 00:15:00,tablet,Zoom,43.82
2025-07-22 00:30:00,laptop,Zoom,92.44
2025-07-22 00:30:00,phone,Zoom,54.1
2025-07-22 00:30:00,tablet,Browsing,9.92
2025-07-22 00:45:00,laptop,YouTube,86.1
2025-07-22 00:45:00,phone,YouTube,57.37
2025-07-22 00:45:00,tablet,Netflix,88.17
2025-07-22 01:00:00,laptop,WhatsApp,3.29
2025-07-22 01:00:00,phone,Zoom,99.71
2025-07-22 01:00:00,tablet,Browsing,2.42
2025-07-22 01:15:00,laptop,Browsing,6.42
2025-07-22 01:15:00,phone,Netflix,51.57
2025-07-22 01:15:00,tablet,YouTube,45.99
2025-07-22 01:30:00,laptop,Netflix,24.2
2025-07-22 01:30:00,phone,Netflix,74.93
2025-07-22 01:30:00,tablet,Browsing,16.95
2025-07-22 01:45:00,laptop,Zoom,99.48
2025-07-22 01:45:00,phone,Zoom,105.94
2025-07-22 01:45:00,tablet,Browsing,4.46
2025-07-22 02:00:00,laptop,YouTube,30.4
2025-07-22 02:00:00,phone,WhatsApp,4.78
2025-07-22 02:00:00,tablet,Zoom,97.82
2025-07-22 02:15:00,laptop,Zoom,53.53
2025-07-22 02:15:00,phone,Browsing,1.12
2025-07-22 02:15:00,tablet,Browsing,7.44
2025-07-22 02:30:00,laptop,YouTube,67.5
2025-07-22 02:30:00,phone,YouTube,27.01
2025-07-22 02:30:00,tablet,Browsing,7.54
2025-07-22 02:45:00,laptop,Zoom,32.54
2025-07-22 02:45:00,phone,WhatsApp,4.88
2025-07-22 02:45:00,tablet,Browsing,16.29
2025-07-22 03:00:00,laptop,Zoom,43.1
2025-07-22 03:00:00,phone,Netflix,52.82
2025-07-22 03:00:00,tablet,Zoom,113.45
2025-07-22 03:15:00,laptop,Netflix,133.78
2025-07-22 03:15:00,phone,Zoom,109.41
2025-07-22 03:15:00,tablet,Netflix,127.69
2025-07-22 03:30:00,laptop,Zoom,71.27
2025-07-22 03:30:00,phone,WhatsApp,2.37
2025-07-22 03:30:00,tablet,Netflix,56.93
2025-07-22 03:45:00,laptop,Browsing,10.17
2025-07-22 03:45:00,phone,Zoom,80.15
2025-07-22 03:45:00,tablet,YouTube,66.51
2025-07-22 04:00:00,laptop,Netflix,134.89
2025-07-22 04:00:00,phone,Netflix,23.04
2025-07-22 04:00:00,tablet,Netflix,85.21
2025-07-22 04:15:00,laptop,Netflix,84.03
2025-07-22 04:15:00,phone,Browsing,13.87
2025-07-22 04:15:00,tablet,YouTube,95.15
2025-07-22 04:30:00,laptop,Netflix,47.68
2025-07-22 04:30:00,phone,Zoom,90.46
2025-07-22 04:30:00,tablet,YouTube,66.91
2025-07-22 04:45:00,laptop,Netflix,109.91
2025-07-22 04:45:00,phone,Browsing,12.27
2025-07-22 04:45:00,tablet,Netflix,72.44
2025-07-22 05:00:00,laptop,WhatsApp,4.73
2025-07-22 05:00:00,phone,Netflix,113.45
2025-07-22 05:00:00,tablet,Zoom,61.67
2025-07-22 05:15:00,laptop,Netflix,117.23
2025-07-22 05:15:00,phone,YouTube,33.12
2025-07-22 05:15:00,tablet,Browsing,1.86
2025-07-22 05:30:00,laptop,WhatsApp,1.86
2025-07-22 05:30:00,phone,YouTube,81.0
2025-07-22 05:30:00,tablet,Netflix,37.3
2025-07-22 05:45:00,laptop,Browsing,1.1
2025-07-22 05:45:00,phone,WhatsApp,1.59
2025-07-22 05:45:00,tablet,Zoom,64.39
2025-07-22 06:00:00,laptop,Browsing,1.22
2025-07-22 06:00:00,phone,Netflix,84.58
2025-07-22 06:00:00,tablet,YouTube,28.83
2025-07-22 06:15:00,laptop,Browsing,10.39
2025-07-22 06:15:00,phone,Netflix,134.01
2025-07-22 06:15:00,tablet,Netflix,142.55
2025-07-22 06:30:00,laptop,Zoom,119.4
2025-07-22 06:30:00,phone,WhatsApp,2.01
2025-07-22 06:30:00,tablet,YouTube,73.66
2025-07-22 06:45:00,laptop,WhatsApp,4.77
2025-07-22 06:45:00,phone,Netflix,71.76
2025-07-22 06:45:00,tablet,Netflix,99.83
2025-07-22 07:00:00,laptop,Zoom,52.54
2025-07-22 07:00:00,phone,Netflix,53.72
2025-07-22 07:00:00,tablet,Netflix,28.05
2025-07-22 07:15:00,laptop,Browsing,15.62
2025-07-22 07:15:00,phone,Browsing,17.78
2025-07-22 07:15:00,tablet,Browsing,8.27
2025-07-22 07:30:00,laptop,Browsing,12.74
2025-07-22 07:30:00,phone,YouTube,26.45
2025-07-22 07:30:00,tablet,YouTube,10.36
2025-07-22 07:45:00,laptop,YouTube,62.79
2025-07-22 07:45:00,phone,Netflix,122.21
2025-07-22 07:45:00,tablet,WhatsApp,0.74
2025-07-22 08:00:00,laptop,WhatsApp,3.9
2025-07-22 08:00:00,phone,Browsing,10.12
2025-07-22 08:00:00,tablet,WhatsApp,1.22
2025-07-22 08:15:00,laptop,Netflix,98.85
2025-07-22 08:15:00,phone,Browsing,2.49
2025-07-22 08:15:00,tablet,YouTube,68.19
2025-07-22 08:30:00,laptop,Netflix,134.22
2025-07-22 08:30:00,phone,Zoom,68.37
2025-07-22 08:30:00,tablet,Zoom,69.52
2025-07-22 08:45:00,laptop,Netflix,140.47
2025-07-22 08:45:00,phone,Browsing,10.82
2025-07-22 08:45:00,tablet,Browsing,15.37
2025-07-22 09:00:00,laptop,Netflix,31.46
2025-07-22 09:00:00,phone,WhatsApp,4.78
2025-07-22 09:00:00,tablet,Netflix,84.87
2025-07-22 09:15:00,laptop,Browsing,4.29
2025-07-22 09:15:00,phone,Browsing,1.52
2025-07-22 09:15:00,tablet,Browsing,12.53
2025-07-22 09:30:00,laptop,WhatsApp,4.95
2025-07-22 09:30:00,phone,WhatsApp,3.77
2025-07-22 09:30:00,tablet,YouTube,80.31
2025-07-22 09:45:00,laptop,WhatsApp,0.66
2025-07-22 09:45:00,phone,Zoom,36.19
2025-07-22 09:45:00,tablet,WhatsApp,1.27
2025-07-22 10:00:00,laptop,Netflix,55.41
2025-07-22 10:00:00,phone,WhatsApp,3.6
2025-07-22 10:00:00,tablet,Netflix,99.8
2025-07-22 10:15:00,laptop,Browsing,1.25
2025-07-22 10:15:00,phone,YouTube,82.1
2025-07-22 10:15:00,tablet,YouTube,23.93
2025-07-22 10:30:00,laptop,WhatsApp,4.12
2025-07-22 10:30:00,phone,Netflix,98.39
2025-07-22 10:30:00,tablet,Browsing,3.46
2025-07-22 10:45:00,laptop,WhatsApp,1.4
2025-07-22 10:45:00,phone,YouTube,95.41
2025-07-22 10:45:00,tablet,YouTube,78.27
2025-07-22 11:00:00,laptop,Netflix,70.96
2025-07-22 11:00:00,phone,YouTube,95.92
2025-07-22 11:00:00,tablet,Zoom,55.64
2025-07-22 11:15:00,laptop,YouTube,46.69
2025-07-22 11:15:00,phone,Netflix,94.73
2025-07-22 11:15:00,tablet,Zoom,109.89
2025-07-22 11:30:00,laptop,Netflix,137.88
2025-07-22 11:30:00,phone,Zoom,58.9
2025-07-22 11:30:00,tablet,Zoom,56.64
2025-07-22 11:45:00,laptop,Browsing,13.77
2025-07-22 11:45:00,phone,YouTube,92.68
2025-07-22 11:45:00,tablet,YouTube,88.65
2025-07-22 12:00:00,laptop,Zoom,51.68
2025-07-22 12:00:00,phone,YouTube,98.65
2025-07-22 12:00:00,tablet,Browsing,1.19
2025-07-22 12:15:00,laptop,YouTube,91.74
2025-07-22 12:15:00,phone,Netflix,128.4
2025-07-22 12:15:00,tablet,WhatsApp,1.62
2025-07-22 12:30:00,laptop,Browsing,1.24
2025-07-22 12:30:00,phone,Zoom,54.48
2025-07-22 12:30:00,tablet,WhatsApp,3.2
2025-07-22 12:45:00,laptop,Netflix,72.41
2025-07-22 12:45:00,phone,WhatsApp,1.67
2025-07-22 12:45:00,tablet,Browsing,19.11
2025-07-22 13:00:00,laptop,YouTube,88.76
2025-07-22 13:00:00,phone,Browsing,13.31
2025-07-22 13:00:00,tablet,Browsing,5.19
2025-07-22 13:15:00,laptop,YouTube,16.84
2025-07-22 13:15:00,phone,Netflix,56.1
2025-07-22 13:15:00,tablet,WhatsApp,3.22
2025-07-22 13:30:00,laptop,Netflix,139.41
2025-07-22 13:30:00,phone,Zoom,31.01
2025-07-22 13:30:00,tablet,YouTube,97.97
2025-07-22 13:45:00,laptop,Netflix,43.66
2025-07-22 13:45:00,phone,Zoom,63.77
2025-07-22 13:45:00,tablet,YouTube,23.33
2025-07-22 14:00:00,laptop,Zoom,83.1
2025-07-22 14:00:00,phone,Netflix,95.47
2025-07-22 14:00:00,tablet,YouTube,82.66
2025-07-22 14:15:00,laptop,Zoom,68.82
2025-07-22 14:15:00,phone,YouTube,47.82
2025-07-22 14:15:00,tablet,YouTube,43.4
2025-07-22 14:30:00,laptop,Netflix,131.03
2025-07-22 14:30:00,phone,YouTube,85.13
2025-07-22 14:30:00,tablet,Browsing,7.07
2025-07-22 14:45:00,laptop,YouTube,84.38
2025-07-22 14:45:00,phone,YouTube,34.63
2025-07-22 14:45:00,tablet,Browsing,14.19
2025-07-22 15:00:00,laptop,YouTube,39.03
2025-07-22 15:00:00,phone,Browsing,5.51
2025-07-22 15:00:00,tablet,Netflix,96.74
2025-07-22 15:15:00,laptop,Netflix,107.38
2025-07-22 15:15:00,phone,WhatsApp,1.14
2025-07-22 15:15:00,tablet,Zoom,89.55
2025-07-22 15:30:00,laptop,YouTube,60.94
2025-07-22 15:30:00,phone,WhatsApp,3.4
2025-07-22 15:30:00,tablet,Zoom,88.08
2025-07-22 15:45:00,laptop,Netflix,79.02
2025-07-22 15:45:00,phone,Zoom,43.06
2025-07-22 15:45:00,tablet,Zoom,34.0
2025-07-22 16:00:00,laptop,Zoom,113.67
2025-07-22 16:00:00,phone,Zoom,68.39
2025-07-22 16:00:00,tablet,Netflix,122.81
2025-07-22 16:15:00,laptop,YouTube,26.77
2025-07-22 16:15:00,phone,WhatsApp,4.45
2025-07-22 16:15:00,tablet,Netflix,26.92
2025-07-22 16:30:00,laptop,Browsing,1.01
2025-07-22 16:30:00,phone,Browsing,2.51
2025-07-22 16:30:00,tablet,WhatsApp,4.76
2025-07-22 16:45:00,laptop,Browsing,18.87
2025-07-22 16:45:00,phone,Netflix,133.93
2025-07-22 16:45:00,tablet,YouTube,94.67
2025-07-22 17:00:00,laptop,Netflix,45.0
2025-07-22 17:00:00,phone,Netflix,46.07
2025-07-22 17:00:00,tablet,Netflix,132.72
2025-07-22 17:15:00,laptop,Netflix,84.58
2025-07-22 17:15:00,phone,YouTube,49.31
2025-07-22 17:15:00,tablet,YouTube,18.82
2025-07-22 17:30:00,laptop,Browsing,3.84
2025-07-22 17:30:00,phone,Zoom,66.88
2025-07-22 17:30:00,tablet,Browsing,5.4
2025-07-22 17:45:00,laptop,YouTube,28.81
2025-07-22 17:45:00,phone,Browsing,4.89
2025-07-22 17:45:00,tablet,Netflix,32.93
2025-07-22 18:00:00,laptop,Browsing,7.03
2025-07-22 18:00:00,phone,Netflix,43.16
2025-07-22 18:00:00,tablet,Netflix,42.5
2025-07-22 18:15:00,laptop,Zoom,75.41
2025-07-22 18:15:00,phone,Netflix,114.05
2025-07-22 18:15:00,tablet,YouTube,37.35
2025-07-22 18:30:00,laptop,Zoom,95.04
2025-07-22 18:30:00,phone,YouTube,76.26
2025-07-22 18:30:00,tablet,Zoom,39.1
2025-07-22 18:45:00,laptop,Zoom,56.85
2025-07-22 18:45:00,phone,WhatsApp,1.82
2025-07-22 18:45:00,tablet,Netflix,56.79
2025-07-22 19:00:00,laptop,YouTube,98.51
2025-07-22 19:00:00,phone,WhatsApp,2.07
2025-07-22 19:00:00,tablet,WhatsApp,0.79
2025-07-22 19:15:00,laptop,Browsing,11.95
2025-07-22 19:15:00,phone,Browsing,15.73
2025-07-22 19:15:00,tablet,Zoom,30.95
2025-07-22 19:30:00,laptop,Browsing,7.76
2025-07-22 19:30:00,phone,WhatsApp,2.91
2025-07-22 19:30:00,tablet,YouTube,11.27
2025-07-22 19:45:00,laptop,Zoom,75.62
2025-07-22 19:45:00,phone,Browsing,2.38
2025-07-22 19:45:00,tablet,Zoom,50.12
2025-07-22 20:00:00,laptop,YouTube,32.3
2025-07-22 20:00:00,phone,Zoom,82.08
2025-07-22 20:00:00,tablet,Netflix,65.75
2025-07-22 20:15:00,laptop,YouTube,12.29
2025-07-22 20:15:00,phone,Zoom,78.6
2025-07-22 20:15:00,tablet,Netflix,36.38
2025-07-22 20:30:00,laptop,Netflix,122.3
2025-07-22 20:30:00,phone,YouTube,34.41
2025-07-22 20:30:00,tablet,Zoom,55.78
2025-07-22 20:45:00,laptop,Netflix,30.35
2025-07-22 20:45:00,phone,Zoom,70.05
2025-07-22 20:45:00,tablet,WhatsApp,4.07
2025-07-22 21:00:00,laptop,Zoom,34.52
2025-07-22 21:00:00,phone,WhatsApp,3.25
2025-07-22 21:00:00,tablet,Zoom,89.3
2025-07-22 21:15:00,laptop,Zoom,105.72
2025-07-22 21:15:00,phone,Netflix,127.3
2025-07-22 21:15:00,tablet,Zoom,95.81
2025-07-22 21:30:00,laptop,Browsing,3.31
2025-07-22 21:30:00,phone,YouTube,46.94
2025-07-22 21:30:00,tablet,WhatsApp,3.38
2025-07-22 21:45:00,laptop,Netflix,92.32
2025-07-22 21:45:00,phone,WhatsApp,4.23
2025-07-22 21:45:00,tablet,Zoom,40.75
2025-07-22 22:00:00,laptop,Zoom,49.08
2025-07-22 22:00:00,phone,WhatsApp,2.05
2025-07-22 22:00:00,tablet,Zoom,93.82
2025-07-22 22:15:00,laptop,Browsing,10.95
2025-07-22 22:15:00,phone,Browsing,7.9
2025-07-22 22:15:00,tablet,Browsing,13.38
2025-07-22 22:30:00,laptop,Browsing,9.46
2025-07-22 22:30:00,phone,Zoom,72.94
2025-07-22 22:30:00,tablet,YouTube,49.34
2025-07-22 22:45:00,laptop,Netflix,66.91
2025-07-22 22:45:00,phone,Browsing,13.72
2025-07-22 22:45:00,tablet,Browsing,12.41
2025-07-22 23:00:00,laptop,Browsing,7.52
2025-07-22 23:00:00,phone,Netflix,55.51
2025-07-22 23:00:00,tablet,WhatsApp,3.99
2025-07-22 23:15:00,laptop,WhatsApp,3.97
2025-07-22 23:15:00,phone,Zoom,38.16
2025-07-22 23:15:00,tablet,Netflix,30.93
2025-07-22 23:30:00,laptop,Zoom,116.89
2025-07-22 23:30:00,phone,WhatsApp,2.41
2025-07-22 23:30:00,tablet,Zoom,74.38
2025-07-22 23:45:00,laptop,Netflix,114.49
2025-07-22 23:45:00,phone,Netflix,21.08
2025-07-22 23:45:00,tablet,Zoom,82.41
2025-07-23 00:00:00,laptop,YouTube,68.64
2025-07-23 00:00:00,phone,Netflix,132.71
2025-07-23 00:00:00,tablet,Netflix,70.47
2025-07-23 00:15:00,laptop,WhatsApp,2.24
2025-07-23 00:15:00,phone,Netflix,63.15
2025-07-23 00:15:00,tablet,WhatsApp,2.99
2025-07-23 00:30:00,laptop,WhatsApp,1.71
2025-07-23 00:30:00,phone,Zoom,50.77
2025-07-23 00:30:00,tablet,Zoom,45.43
2025-07-23 00:45:00,laptop,YouTube,73.3
2025-07-23 00:45:00,phone,WhatsApp,1.59
2025-07-23 00:45:00,tablet,Browsing,5.3
2025-07-23 01:00:00,laptop,Zoom,87.36
2025-07-23 01:00:00,phone,YouTube,70.86
2025-07-23 01:00:00,tablet,YouTube,70.85
2025-07-23 01:15:00,laptop,Netflix,148.93
2025-07-23 01:15:00,phone,YouTube,80.16
2025-07-23 01:15:00,tablet,Browsing,9.04
2025-07-23 01:30:00,laptop,Netflix,72.5
2025-07-23 01:30:00,phone,Browsing,1.64
2025-07-23 01:30:00,tablet,Zoom,46.9
2025-07-23 01:45:00,laptop,YouTube,32.73
2025-07-23 01:45:00,phone,YouTube,36.1
2025-07-23 01:45:00,tablet,Netflix,127.96
2025-07-23 02:00:00,laptop,WhatsApp,3.04
2025-07-23 02:00:00,phone,YouTube,41.25
2025-07-23 02:00:00,tablet,Zoom,43.85
2025-07-23 02:15:00,laptop,YouTube,81.36
2025-07-23 02:15:00,phone,Netflix,37.79
2025-07-23 02:15:00,tablet,Browsing,6.95
2025-07-23 02:30:00,laptop,Netflix,73.19
2025-07-23 02:30:00,phone,Browsing,4.92
2025-07-23 02:30:00,tablet,Netflix,109.13
2025-07-23 02:45:00,laptop,Netflix,94.31
2025-07-23 02:45:00,phone,YouTube,71.06
2025-07-23 02:45:00,tablet,YouTube,14.21
2025-07-23 03:00:00,laptop,WhatsApp,2.67
2025-07-23 03:00:00,phone,YouTube,27.96
2025-07-23 03:00:00,tablet,YouTube,19.8
2025-07-23 03:15:00,laptop,WhatsApp,3.66
2025-07-23 03:15:00,phone,Netflix,57.54
2025-07-23 03:15:00,tablet,WhatsApp,3.72
2025-07-23 03:30:00,laptop,YouTube,47.4
2025-07-23 03:30:00,phone,WhatsApp,3.08
2025-07-23 03:30:00,tablet,Browsing,8.33
2025-07-23 03:45:00,laptop,Zoom,32.85
2025-07-23 03:45:00,phone,YouTube,51.93
2025-07-23 03:45:00,tablet,YouTube,38.44
2025-07-23 04:00:00,laptop,Netflix,121.77
2025-07-23 04:00:00,phone,Netflix,142.26
2025-07-23 04:00:00,tablet,Zoom,72.46
2025-07-23 04:15:00,laptop,Browsing,8.3
2025-07-23 04:15:00,phone,Zoom,38.32
2025-07-23 04:15:00,tablet,Netflix,114.52
2025-07-23 04:30:00,laptop,Zoom,41.5
2025-07-23 04:30:00,phone,Browsing,6.43
2025-07-23 04:30:00,tablet,WhatsApp,1.56
2025-07-23 04:45:00,laptop,WhatsApp,3.76
2025-07-23 04:45:00,phone,Browsing,3.12
2025-07-23 04:45:00,tablet,Browsing,1.66
2025-07-23 05:00:00,laptop,YouTube,23.56
2025-07-23 05:00:00,phone,YouTube,57.76
2025-07-23 05:00:00,tablet,YouTube,18.4
2025-07-23 05:15:00,laptop,WhatsApp,4.32
2025-07-23 05:15:00,phone,Browsing,3.08
2025-07-23 05:15:00,tablet,Zoom,99.12
2025-07-23 05:30:00,laptop,Netflix,84.89
2025-07-23 05:30:00,phone,WhatsApp,3.73
2025-07-23 05:30:00,tablet,Netflix,26.1
2025-07-23 05:45:00,laptop,WhatsApp,1.4
2025-07-23 05:45:00,phone,Netflix,117.79
2025-07-23 05:45:00,tablet,Zoom,66.28
2025-07-23 06:00:00,laptop,Netflix,142.29
2025-07-23 06:00:00,phone,Browsing,12.29
2025-07-23 06:00:00,tablet,YouTube,47.92
2025-07-23 06:15:00,laptop,Zoom,61.98
2025-07-23 06:15:00,phone,Browsing,18.09
2025-07-23 06:15:00,tablet,Browsing,7.29
2025-07-23 06:30:00,laptop,Netflix,108.35
2025-07-23 06:30:00,phone,Browsing,4.7
2025-07-23 06:30:00,tablet,Zoom,52.94
2025-07-23 06:45:00,laptop,YouTube,20.91
2025-07-23 06:45:00,phone,Zoom,37.4
2025-07-23 06:45:00,tablet,WhatsApp,1.4
2025-07-23 07:00:00,laptop,Browsing,13.33
2025-07-23 07:00:00,phone,WhatsApp,0.82
2025-07-23 07:00:00,tablet,Zoom,43.07
2025-07-23 07:15:00,laptop,WhatsApp,3.29
2025-07-23 07:15:00,phone,Browsing,3.09
2025-07-23 07:15:00,tablet,Zoom,54.67
2025-07-23 07:30:00,laptop,YouTube,91.29
2025-07-23 07:30:00,phone,Zoom,69.93
2025-07-23 07:30:00,tablet,Browsing,15.09
2025-07-23 07:45:00,laptop,YouTube,58.03
2025-07-23 07:45:00,phone,YouTube,45.11
2025-07-23 07:45:00,tablet,Browsing,12.4
2025-07-23 08:00:00,laptop,Zoom,71.51
2025-07-23 08:00:00,phone,Browsing,4.5
2025-07-23 08:00:00,tablet,Browsing,1.57
2025-07-23 08:15:00,laptop,Zoom,81.84
2025-07-23 08:15:00,phone,Browsing,17.34
2025-07-23 08:15:00,tablet,YouTube,46.45
2025-07-23 08:30:00,laptop,Netflix,137.11
2025-07-23 08:30:00,phone,WhatsApp,1.25
2025-07-23 08:30:00,tablet,Netflix,66.83
2025-07-23 08:45:00,laptop,Browsing,12.92
2025-07-23 08:45:00,phone,WhatsApp,3.11
2025-07-23 08:45:00,tablet,YouTube,56.88
2025-07-23 09:00:00,laptop,Browsing,13.22
2025-07-23 09:00:00,phone,WhatsApp,2.67
2025-07-23 09:00:00,tablet,Browsing,14.15
2025-07-23 09:15:00,laptop,WhatsApp,1.42
2025-07-23 09:15:00,phone,WhatsApp,2.69
2025-07-23 09:15:00,tablet,WhatsApp,3.65
2025-07-23 09:30:00,laptop,Zoom,33.55
2025-07-23 09:30:00,phone,WhatsApp,4.0
2025-07-23 09:30:00,tablet,Netflix,55.09
2025-07-23 09:45:00,laptop,YouTube,20.57
2025-07-23 09:45:00,phone,WhatsApp,1.39
2025-07-23 09:45:00,tablet,WhatsApp,1.62
2025-07-23 10:00:00,laptop,Zoom,103.42
2025-07-23 10:00:00,phone,Netflix,128.42
2025-07-23 10:00:00,tablet,YouTube,86.41
2025-07-23 10:15:00,laptop,Zoom,94.09
2025-07-23 10:15:00,phone,WhatsApp,4.98
2025-07-23 10:15:00,tablet,Netflix,26.87
2025-07-23 10:30:00,laptop,YouTube,79.96
2025-07-23 10:30:00,phone,YouTube,45.57
2025-07-23 10:30:00,tablet,WhatsApp,4.37
2025-07-23 10:45:00,laptop,Zoom,55.61
2025-07-23 10:45:00,phone,Browsing,8.98
2025-07-23 10:45:00,tablet,Zoom,106.87
2025-07-23 11:00:00,laptop,Netflix,52.98
2025-07-23 11:00:00,phone,Netflix,67.89
2025-07-23 11:00:00,tablet,Browsing,19.81
2025-07-23 11:15:00,laptop,Browsing,12.12
2025-07-23 11:15:00,phone,Netflix,128.18
2025-07-23 11:15:00,tablet,Browsing,16.39
2025-07-23 11:30:00,laptop,Browsing,19.5
2025-07-23 11:30:00,phone,Zoom,102.21
2025-07-23 11:30:00,tablet,YouTube,87.93
2025-07-23 11:45:00,laptop,Netflix,32.95
2025-07-23 11:45:00,phone,WhatsApp,3.17
2025-07-23 11:45:00,tablet,WhatsApp,2.31
2025-07-23 12:00:00,laptop,YouTube,14.94
2025-07-23 12:00:00,phone,Zoom,78.55
2025-07-23 12:00:00,tablet,YouTube,14.29
2025-07-23 12:15:00,laptop,YouTube,16.57
2025-07-23 12:15:00,phone,Browsing,5.85
2025-07-23 12:15:00,tablet,YouTube,28.3
2025-07-23 12:30:00,laptop,Netflix,76.17
2025-07-23 12:30:00,phone,YouTube,27.47
2025-07-23 12:30:00,tablet,YouTube,56.06
2025-07-23 12:45:00,laptop,YouTube,62.7
2025-07-23 12:45:00,phone,Browsing,9.86
2025-07-23 12:45:00,tablet,Netflix,123.33
2025-07-23 13:00:00,laptop,Netflix,69.78
2025-07-23 13:00:00,phone,Zoom,89.25
2025-07-23 13:00:00,tablet,YouTube,92.97
2025-07-23 13:15:00,laptop,Netflix,146.14
2025-07-23 13:15:00,phone,YouTube,49.61
2025-07-23 13:15:00,tablet,Netflix,27.75
2025-07-23 13:30:00,laptop,Zoom,35.81
2025-07-23 13:30:00,phone,Zoom,98.82
2025-07-23 13:30:00,tablet,WhatsApp,4.74
2025-07-23 13:45:00,laptop,Browsing,9.24
2025-07-23 13:45:00,phone,YouTube,87.62
2025-07-23 13:45:00,tablet,YouTube,32.28
2025-07-23 14:00:00,laptop,WhatsApp,1.4
2025-07-23 14:00:00,phone,YouTube,83.61
2025-07-23 14:00:00,tablet,YouTube,95.55
2025-07-23 14:15:00,laptop,Zoom,53.5
2025-07-23 14:15:00,phone,Netflix,32.62
2025-07-23 14:15:00,tablet,YouTube,47.19
2025-07-23 14:30:00,laptop,Browsing,12.97
2025-07-23 14:30:00,phone,YouTube,31.36
2025-07-23 14:30:00,tablet,YouTube,42.71
2025-07-23 14:45:00,laptop,Browsing,15.19
2025-07-23 14:45:00,phone,YouTube,39.7
2025-07-23 14:45:00,tablet,Browsing,13.86
2025-07-23 15:00:00,laptop,Browsing,8.65
2025-07-23 15:00:00,phone,Netflix,22.88
2025-07-23 15:00:00,tablet,Netflix,90.51
2025-07-23 15:15:00,laptop,Browsing,10.43
2025-07-23 15:15:00,phone,YouTube,63.11
2025-07-23 15:15:00,tablet,Browsing,19.66
2025-07-23 15:30:00,laptop,Netflix,34.67
2025-07-23 15:30:00,phone,Netflix,71.56
2025-07-23 15:30:00,tablet,Zoom,108.73
2025-07-23 15:45:00,laptop,YouTube,20.88
2025-07-23 15:45:00,phone,Netflix,142.48
2025-07-23 15:45:00,tablet,YouTube,41.25
2025-07-23 16:00:00,laptop,WhatsApp,1.46
2025-07-23 16:00:00,phone,Browsing,18.69
2025-07-23 16:00:00,tablet,Netflix,120.94
2025-07-23 16:15:00,laptop,Browsing,4.49
2025-07-23 16:15:00,phone,WhatsApp,2.21
2025-07-23 16:15:00,tablet,Zoom,106.04
2025-07-23 16:30:00,laptop,Browsing,3.98
2025-07-23 16:30:00,phone,Zoom,65.44
2025-07-23 16:30:00,tablet,WhatsApp,0.84
2025-07-23 16:45:00,laptop,Zoom,75.77
2025-07-23 16:45:00,phone,Browsing,11.95
2025-07-23 16:45:00,tablet,YouTube,31.53
2025-07-23 17:00:00,laptop,WhatsApp,0.58
2025-07-23 17:00:00,phone,WhatsApp,1.85
2025-07-23 17:00:00,tablet,Browsing,11.58
2025-07-23 17:15:00,laptop,Zoom,105.38
2025-07-23 17:15:00,phone,YouTube,79.78
2025-07-23 17:15:00,tablet,Netflix,36.84
2025-07-23 17:30:00,laptop,Zoom,96.62
2025-07-23 17:30:00,phone,WhatsApp,0.8
2025-07-23 17:30:00,tablet,YouTube,23.48
2025-07-23 17:45:00,laptop,Netflix,34.03
2025-07-23 17:45:00,phone,Netflix,66.41
2025-07-23 17:45:00,tablet,Netflix,122.44
2025-07-23 18:00:00,laptop,Zoom,47.14
2025-07-23 18:00:00,phone,Netflix,104.6
2025-07-23 18:00:00,tablet,WhatsApp,1.98
2025-07-23 18:15:00,laptop,Browsing,5.89
2025-07-23 18:15:00,phone,WhatsApp,1.23
2025-07-23 18:15:00,tablet,Zoom,84.4
2025-07-23 18:30:00,laptop,Netflix,28.07
2025-07-23 18:30:00,phone,YouTube,16.55
2025-07-23 18:30:00,tablet,Browsing,14.68
2025-07-23 18:45:00,laptop,WhatsApp,1.27
2025-07-23 18:45:00,phone,WhatsApp,4.53
2025-07-23 18:45:00,tablet,Browsing,11.22
2025-07-23 19:00:00,laptop,Browsing,4.53
2025-07-23 19:00:00,phone,WhatsApp,2.31
2025-07-23 19:00:00,tablet,Netflix,134.47
2025-07-23 19:15:00,laptop,Netflix,78.26
2025-07-23 19:15:00,phone,Zoom,65.05
2025-07-23 19:15:00,tablet,YouTube,47.56
2025-07-23 19:30:00,laptop,Zoom,58.65
2025-07-23 19:30:00,phone,WhatsApp,3.45
2025-07-23 19:30:00,tablet,WhatsApp,1.98
2025-07-23 19:45:00,laptop,YouTube,23.17
2025-07-23 19:45:00,phone,YouTube,61.33
2025-07-23 19:45:00,tablet,YouTube,63.4
2025-07-23 20:00:00,laptop,Netflix,129.91
2025-07-23 20:00:00,phone,Browsing,19.35
2025-07-23 20:00:00,tablet,YouTube,91.98
2025-07-23 20:15:00,laptop,Netflix,120.37
2025-07-23 20:15:00,phone,YouTube,48.61
2025-07-23 20:15:00,tablet,YouTube,30.65
2025-07-23 20:30:00,laptop,Browsing,19.61
2025-07-23 20:30:00,phone,Zoom,49.08
2025-07-23 20:30:00,tablet,YouTube,29.41
2025-07-23 20:45:00,laptop,WhatsApp,4.65
2025-07-23 20:45:00,phone,YouTube,95.12
2025-07-23 20:45:00,tablet,YouTube,52.55
2025-07-23 21:00:00,laptop,YouTube,56.37
2025-07-23 21:00:00,phone,Browsing,19.19
2025-07-23 21:00:00,tablet,YouTube,21.15
2025-07-23 21:15:00,laptop,Netflix,78.96
2025-07-23 21:15:00,phone,YouTube,16.87
2025-07-23 21:15:00,tablet,WhatsApp,4.24
2025-07-23 21:30:00,laptop,WhatsApp,1.2
2025-07-23 21:30:00,phone,YouTube,71.01
2025-07-23 21:30:00,tablet,Zoom,82.99
2025-07-23 21:45:00,laptop,WhatsApp,4.9
2025-07-23 21:45:00,phone,Zoom,57.59
2025-07-23 21:45:00,tablet,Browsing,16.28
2025-07-23 22:00:00,laptop,Browsing,5.81
2025-07-23 22:00:00,phone,Browsing,7.53
2025-07-23 22:00:00,tablet,Browsing,2.44
2025-07-23 22:15:00,laptop,YouTube,19.86
2025-07-23 22:15:00,phone,Zoom,75.96
2025-07-23 22:15:00,tablet,Browsing,8.33
2025-07-23 22:30:00,laptop,WhatsApp,1.5
2025-07-23 22:30:00,phone,Netflix,105.16
2025-07-23 22:30:00,tablet,Zoom,88.2
2025-07-23 22:45:00,laptop,Netflix,138.99
2025-07-23 22:45:00,phone,Browsing,19.9
2025-07-23 22:45:00,tablet,WhatsApp,3.25
2025-07-23 23:00:00,laptop,Browsing,1.51
2025-07-23 23:00:00,phone,WhatsApp,3.08
2025-07-23 23:00:00,tablet,Browsing,17.58
2025-07-23 23:15:00,laptop,WhatsApp,1.42
2025-07-23 23:15:00,phone,Netflix,97.4
2025-07-23 23:15:00,tablet,Browsing,16.4
2025-07-23 23:30:00,laptop,Netflix,89.05
2025-07-23 23:30:00,phone,YouTube,93.13
2025-07-23 23:30:00,tablet,Browsing,15.0
2025-07-23 23:45:00,laptop,Zoom,42.84
2025-07-23 23:45:00,phone,WhatsApp,2.29
2025-07-23 23:45:00,tablet,Netflix,143.39
2025-07-24 00:00:00,laptop,Zoom,111.44
2025-07-24 00:00:00,phone,Browsing,2.5
2025-07-24 00:00:00,tablet,Zoom,67.61
2025-07-24 00:15:00,laptop,Zoom,118.96
2025-07-24 00:15:00,phone,Browsing,19.59
2025-07-24 00:15:00,tablet,WhatsApp,3.54
2025-07-24 00:30:00,laptop,Netflix,26.48
2025-07-24 00:30:00,phone,YouTube,75.28
2025-07-24 00:30:00,tablet,Netflix,135.2
2025-07-24 00:45:00,laptop,YouTube,19.72
2025-07-24 00:45:00,phone,YouTube,91.46
2025-07-24 00:45:00,tablet,WhatsApp,3.27
2025-07-24 01:00:00,laptop,WhatsApp,0.68
2025-07-24 01:00:00,phone,WhatsApp,4.6
2025-07-24 01:00:00,tablet,YouTube,28.49
2025-07-24 01:15:00,laptop,WhatsApp,1.62
2025-07-24 01:15:00,phone,WhatsApp,4.65
2025-07-24 01:15:00,tablet,Netflix,87.88
2025-07-24 01:30:00,laptop,YouTube,12.92
2025-07-24 01:30:00,phone,Browsing,2.82
2025-07-24 01:30:00,tablet,WhatsApp,1.04
2025-07-24 01:45:00,laptop,WhatsApp,2.35
2025-07-24 01:45:00,phone,Netflix,35.62
2025-07-24 01:45:00,tablet,YouTube,37.1
2025-07-24 02:00:00,laptop,YouTube,55.09
2025-07-24 02:00:00,phone,Browsing,3.38
2025-07-24 02:00:00,tablet,Netflix,98.94
2025-07-24 02:15:00,laptop,Zoom,53.69
2025-07-24 02:15:00,phone,Zoom,60.12
2025-07-24 02:15:00,tablet,Zoom,37.05
2025-07-24 02:30:00,laptop,YouTube,85.12
2025-07-24 02:30:00,phone,YouTube,97.33
2025-07-24 02:30:00,tablet,YouTube,75.94
2025-07-24 02:45:00,laptop,WhatsApp,2.33
2025-07-24 02:45:00,phone,Netflix,144.34
2025-07-24 02:45:00,tablet,YouTube,40.73
2025-07-24 03:00:00,laptop,YouTube,68.36
2025-07-24 03:00:00,phone,Browsing,6.75
2025-07-24 03:00:00,tablet,Zoom,66.47
2025-07-24 03:15:00,laptop,Netflix,66.01
2025-07-24 03:15:00,phone,WhatsApp,3.35
2025-07-24 03:15:00,tablet,Browsing,13.36
2025-07-24 03:30:00,laptop,Netflix,82.93
2025-07-24 03:30:00,phone,YouTube,56.62
2025-07-24 03:30:00,tablet,Browsing,5.61
2025-07-24 03:45:00,laptop,Zoom,65.44
2025-07-24 03:45:00,phone,Browsing,15.97
2025-07-24 03:45:00,tablet,Zoom,87.55
2025-07-24 04:00:00,laptop,Netflix,143.25
2025-07-24 04:00:00,phone,YouTube,42.59
2025-07-24 04:00:00,tablet,Browsing,12.13
2025-07-24 04:15:00,laptop,YouTube,48.01
2025-07-24 04:15:00,phone,Zoom,41.58
2025-07-24 04:15:00,tablet,Netflix,60.66
2025-07-24 04:30:00,laptop,WhatsApp,3.73
2025-07-24 04:30:00,phone,YouTube,28.26
2025-07-24 04:30:00,tablet,YouTube,77.68
2025-07-24 04:45:00,laptop,Zoom,116.82
2025-07-24 04:45:00,phone,YouTube,92.18
2025-07-24 04:45:00,tablet,WhatsApp,2.32
2025-07-24 05:00:00,laptop,WhatsApp,2.8
2025-07-24 05:00:00,phone,YouTube,99.51
2025-07-24 05:00:00,tablet,WhatsApp,0.89
2025-07-24 05:15:00,laptop,WhatsApp,3.62
2025-07-24 05:15:00,phone,Browsing,9.93
2025-07-24 05:15:00,tablet,Netflix,120.64
2025-07-24 05:30:00,laptop,WhatsApp,1.31
2025-07-24 05:30:00,phone,Zoom,72.49
2025-07-24 05:30:00,tablet,WhatsApp,3.21
2025-07-24 05:45:00,laptop,Browsing,15.25
2025-07-24 05:45:00,phone,YouTube,39.25
2025-07-24 05:45:00,tablet,WhatsApp,2.11
2025-07-24 06:00:00,laptop,Netflix,64.88
2025-07-24 06:00:00,phone,YouTube,58.96
2025-07-24 06:00:00,tablet,WhatsApp,1.2
2025-07-24 06:15:00,laptop,YouTube,73.46
2025-07-24 06:15:00,phone,YouTube,89.18
2025-07-24 06:15:00,tablet,Netflix,27.63
2025-07-24 06:30:00,laptop,Zoom,57.1
2025-07-24 06:30:00,phone,Netflix,63.7
2025-07-24 06:30:00,tablet,YouTube,88.77
2025-07-24 06:45:00,laptop,Netflix,137.56
2025-07-24 06:45:00,phone,YouTube,86.49
2025-07-24 06:45:00,tablet,Zoom,96.26
2025-07-24 07:00:00,laptop,Netflix,56.88
2025-07-24 07:00:00,phone,Browsing,19.3
2025-07-24 07:00:00,tablet,Browsing,18.54
2025-07-24 07:15:00,laptop,Browsing,13.24
2025-07-24 07:15:00,phone,WhatsApp,1.49
2025-07-24 07:15:00,tablet,Netflix,147.63
2025-07-24 07:30:00,laptop,Browsing,1.95
2025-07-24 07:30:00,phone,Zoom,53.01
2025-07-24 07:30:00,tablet,Netflix,142.92
2025-07-24 07:45:00,laptop,Browsing,13.54
2025-07-24 07:45:00,phone,Netflix,97.57
2025-07-24 07:45:00,tablet,WhatsApp,4.93
2025-07-24 08:00:00,laptop,YouTube,33.61
2025-07-24 08:00:00,phone,Browsing,16.67
2025-07-24 08:00:00,tablet,Zoom,77.08
2025-07-24 08:15:00,laptop,WhatsApp,2.08
2025-07-24 08:15:00,phone,YouTube,63.96
2025-07-24 08:15:00,tablet,WhatsApp,1.34
2025-07-24 08:30:00,laptop,WhatsApp,2.54
2025-07-24 08:30:00,phone,YouTube,20.25
2025-07-24 08:30:00,tablet,Browsing,6.32
2025-07-24 08:45:00,laptop,Zoom,112.6
2025-07-24 08:45:00,phone,Zoom,68.72
2025-07-24 08:45:00,tablet,Browsing,17.69
2025-07-24 09:00:00,laptop,Netflix,121.14
2025-07-24 09:00:00,phone,Browsing,11.79
2025-07-24 09:00:00,tablet,YouTube,18.74
2025-07-24 09:15:00,laptop,Zoom,96.36
2025-07-24 09:15:00,phone,Zoom,108.36
2025-07-24 09:15:00,tablet,YouTube,85.92
2025-07-24 09:30:00,laptop,Zoom,45.42
2025-07-24 09:30:00,phone,YouTube,60.59
2025-07-24 09:30:00,tablet,Zoom,42.91
2025-07-24 09:45:00,laptop,YouTube,17.33
2025-07-24 09:45:00,phone,YouTube,12.2
2025-07-24 09:45:00,tablet,YouTube,57.47
2025-07-24 10:00:00,laptop,Zoom,43.39
2025-07-24 10:00:00,phone,Netflix,112.79
2025-07-24 10:00:00,tablet,YouTube,82.38
2025-07-24 10:15:00,laptop,WhatsApp,0.88
2025-07-24 10:15:00,phone,Netflix,23.94
2025-07-24 10:15:00,tablet,Zoom,97.57
2025-07-24 10:30:00,laptop,WhatsApp,4.23
2025-07-24 10:30:00,phone,Netflix,93.84
2025-07-24 10:30:00,tablet,Browsing,13.99
2025-07-24 10:45:00,laptop,Browsing,18.77
2025-07-24 10:45:00,phone,WhatsApp,4.19
2025-07-24 10:45:00,tablet,Browsing,2.77
2025-07-24 11:00:00,laptop,YouTube,82.46
2025-07-24 11:00:00,phone,Zoom,54.47
2025-07-24 11:00:00,tablet,YouTube,35.76
2025-07-24 11:15:00,laptop,WhatsApp,3.02
2025-07-24 11:15:00,phone,WhatsApp,3.98
2025-07-24 11:15:00,tablet,Netflix,134.49
2025-07-24 11:30:00,laptop,YouTube,12.84
2025-07-24 11:30:00,phone,Browsing,14.0
2025-07-24 11:30:00,tablet,WhatsApp,0.75
2025-07-24 11:45:00,laptop,Browsing,5.78
2025-07-24 11:45:00,phone,Browsing,13.75
2025-07-24 11:45:00,tablet,Browsing,14.11
2025-07-24 12:00:00,laptop,Browsing,8.58
2025-07-24 12:00:00,phone,Zoom,114.63
2025-07-24 12:00:00,tablet,WhatsApp,4.84
2025-07-24 12:15:00,laptop,YouTube,65.28
2025-07-24 12:15:00,phone,YouTube,23.74
2025-07-24 12:15:00,tablet,YouTube,90.17
2025-07-24 12:30:00,laptop,YouTube,66.8
2025-07-24 12:30:00,phone,Browsing,3.09
2025-07-24 12:30:00,tablet,YouTube,52.0
2025-07-24 12:45:00,laptop,Netflix,76.1
2025-07-24 12:45:00,phone,Zoom,92.94
2025-07-24 12:45:00,tablet,Netflix,149.3
2025-07-24 13:00:00,laptop,Browsing,12.36
2025-07-24 13:00:00,phone,WhatsApp,3.67
2025-07-24 13:00:00,tablet,YouTube,55.05
2025-07-24 13:15:00,laptop,Browsing,13.88
2025-07-24 13:15:00,phone,YouTube,22.39
2025-07-24 13:15:00,tablet,Browsing,10.91
2025-07-24 13:30:00,laptop,Browsing,5.6
2025-07-24 13:30:00,phone,Browsing,6.99
2025-07-24 13:30:00,tablet,Netflix,142.19
2025-07-24 13:45:00,laptop,WhatsApp,3.02
2025-07-24 13:45:00,phone,Zoom,119.4
2025-07-24 13:45:00,tablet,Zoom,58.25
2025-07-24 14:00:00,laptop,WhatsApp,4.67
2025-07-24 14:00:00,phone,WhatsApp,4.82
2025-07-24 14:00:00,tablet,Netflix,61.0
2025-07-24 14:15:00,laptop,Browsing,12.95
2025-07-24 14:15:00,phone,WhatsApp,3.72
2025-07-24 14:15:00,tablet,Netflix,58.23
2025-07-24 14:30:00,laptop,YouTube,22.11
2025-07-24 14:30:00,phone,YouTube,98.56
2025-07-24 14:30:00,tablet,Browsing,8.23
2025-07-24 14:45:00,laptop,WhatsApp,4.04
2025-07-24 14:45:00,phone,WhatsApp,2.63
2025-07-24 14:45:00,tablet,Browsing,17.43
2025-07-24 15:00:00,laptop,Zoom,31.88
2025-07-24 15:00:00,phone,Zoom,82.4
2025-07-24 15:00:00,tablet,WhatsApp,3.92
2025-07-24 15:15:00,laptop,Netflix,94.73
2025-07-24 15:15:00,phone,YouTube,70.95
2025-07-24 15:15:00,tablet,Netflix,77.04
2025-07-24 15:30:00,laptop,Browsing,18.96
2025-07-24 15:30:00,phone,Netflix,61.69
2025-07-24 15:30:00,tablet,WhatsApp,2.52
2025-07-24 15:45:00,laptop,Zoom,114.0
2025-07-24 15:45:00,phone,Zoom,114.64
2025-07-24 15:45:00,tablet,Zoom,91.11
2025-07-24 16:00:00,laptop,Zoom,92.09
2025-07-24 16:00:00,phone,Netflix,81.63
2025-07-24 16:00:00,tablet,Browsing,2.98
2025-07-24 16:15:00,laptop,Browsing,4.05
2025-07-24 16:15:00,phone,WhatsApp,1.9
2025-07-24 16:15:00,tablet,Netflix,102.65
2025-07-24 16:30:00,laptop,WhatsApp,0.54
2025-07-24 16:30:00,phone,YouTube,41.05
2025-07-24 16:30:00,tablet,Browsing,6.06
2025-07-24 16:45:00,laptop,Netflix,27.17
2025-07-24 16:45:00,phone,YouTube,21.92
2025-07-24 16:45:00,tablet,Browsing,8.5
2025-07-24 17:00:00,laptop,Netflix,63.67
2025-07-24 17:00:00,phone,YouTube,21.97
2025-07-24 17:00:00,tablet,WhatsApp,2.76
2025-07-24 17:15:00,laptop,Browsing,11.88
2025-07-24 17:15:00,phone,WhatsApp,3.96
2025-07-24 17:15:00,tablet,WhatsApp,2.23
2025-07-24 17:30:00,laptop,Zoom,92.29
2025-07-24 17:30:00,phone,YouTube,58.46
2025-07-24 17:30:00,tablet,Zoom,46.13
2025-07-24 17:45:00,laptop,Browsing,5.31
2025-07-24 17:45:00,phone,WhatsApp,3.37
2025-07-24 17:45:00,tablet,Netflix,86.5
2025-07-24 18:00:00,laptop,YouTube,61.42
2025-07-24 18:00:00,phone,Zoom,51.34
2025-07-24 18:00:00,tablet,Browsing,4.79
2025-07-24 18:15:00,laptop,WhatsApp,2.0
2025-07-24 18:15:00,phone,WhatsApp,4.67
2025-07-24 18:15:00,tablet,YouTube,79.39
2025-07-24 18:30:00,laptop,Netflix,59.67
2025-07-24 18:30:00,phone,Netflix,69.56
2025-07-24 18:30:00,tablet,YouTube,35.05
2025-07-24 18:45:00,laptop,Netflix,144.52
2025-07-24 18:45:00,phone,Netflix,82.13
2025-07-24 18:45:00,tablet,Zoom,83.38
2025-07-24 19:00:00,laptop,Zoom,94.63
2025-07-24 19:00:00,phone,YouTube,38.57
2025-07-24 19:00:00,tablet,Netflix,116.66
2025-07-24 19:15:00,laptop,Browsing,19.44
2025-07-24 19:15:00,phone,Netflix,134.65
2025-07-24 19:15:00,tablet,YouTube,75.49
2025-07-24 19:30:00,laptop,Browsing,6.17
2025-07-24 19:30:00,phone,WhatsApp,1.41
2025-07-24 19:30:00,tablet,YouTube,28.48
2025-07-24 19:45:00,laptop,YouTube,45.18
2025-07-24 19:45:00,phone,YouTube,62.21
2025-07-24 19:45:00,tablet,WhatsApp,4.89
2025-07-24 20:00:00,laptop,YouTube,19.05
2025-07-24 20:00:00,phone,YouTube,59.6
2025-07-24 20:00:00,tablet,YouTube,31.5
2025-07-24 20:15:00,laptop,WhatsApp,2.82
2025-07-24 20:15:00,phone,YouTube,23.29
2025-07-24 20:15:00,tablet,Browsing,5.15
2025-07-24 20:30:00,laptop,Zoom,53.21
2025-07-24 20:30:00,phone,WhatsApp,4.34
2025-07-24 20:30:00,tablet,WhatsApp,2.18
2025-07-24 20:45:00,laptop,Browsing,15.61
2025-07-24 20:45:00,phone,Browsing,4.5
2025-07-24 20:45:00,tablet,Zoom,45.82
2025-07-24 21:00:00,laptop,Zoom,38.38
2025-07-24 21:00:00,phone,Zoom,103.81
2025-07-24 21:00:00,tablet,WhatsApp,1.05
2025-07-24 21:15:00,laptop,Browsing,16.77
2025-07-24 21:15:00,phone,WhatsApp,3.45
2025-07-24 21:15:00,tablet,WhatsApp,2.55
2025-07-24 21:30:00,laptop,Zoom,37.63
2025-07-24 21:30:00,phone,YouTube,25.69
2025-07-24 21:30:00,tablet,YouTube,42.98
2025-07-24 21:45:00,laptop,Netflix,69.27
2025-07-24 21:45:00,phone,Zoom,74.79
2025-07-24 21:45:00,tablet,Zoom,76.72
2025-07-24 22:00:00,laptop,YouTube,88.47
2025-07-24 22:00:00,phone,Browsing,12.34
2025-07-24 22:00:00,tablet,WhatsApp,2.27
2025-07-24 22:15:00,laptop,Browsing,5.87
2025-07-24 22:15:00,phone,Browsing,17.33
2025-07-24 22:15:00,tablet,YouTube,91.15
2025-07-24 22:30:00,laptop,Zoom,79.21
2025-07-24 22:30:00,phone,WhatsApp,2.43
2025-07-24 22:30:00,tablet,YouTube,19.92
2025-07-24 22:45:00,laptop,Zoom,54.37
2025-07-24 22:45:00,phone,WhatsApp,2.94
2025-07-24 22:45:00,tablet,Netflix,80.36
2025-07-24 23:00:00,laptop,Netflix,142.97
2025-07-24 23:00:00,phone,Browsing,4.1
2025-07-24 23:00:00,tablet,YouTube,52.17
2025-07-24 23:15:00,laptop,Browsing,9.99
2025-07-24 23:15:00,phone,WhatsApp,4.65
2025-07-24 23:15:00,tablet,YouTube,90.17
2025-07-24 23:30:00,laptop,WhatsApp,3.82
2025-07-24 23:30:00,phone,Zoom,45.2
2025-07-24 23:30:00,tablet,WhatsApp,3.54
2025-07-24 23:45:00,laptop,Zoom,46.2
2025-07-24 23:45:00,phone,WhatsApp,4.24
2025-07-24 23:45:00,tablet,Zoom,101.06
2025-07-25 00:00:00,laptop,YouTube,82.55
2025-07-25 00:00:00,phone,YouTube,74.87
2025-07-25 00:00:00,tablet,Browsing,16.26
2025-07-25 00:15:00,laptop,Browsing,19.4
2025-07-25 00:15:00,phone,YouTube,52.09
2025-07-25 00:15:00,tablet,Zoom,42.05
2025-07-25 00:30:00,laptop,WhatsApp,2.21
2025-07-25 00:30:00,phone,Netflix,22.45
2025-07-25 00:30:00,tablet,Browsing,10.14
2025-07-25 00:45:00,laptop,Zoom,67.61
2025-07-25 00:45:00,phone,Browsing,19.04
2025-07-25 00:45:00,tablet,Zoom,113.61
2025-07-25 01:00:00,laptop,Browsing,11.66
2025-07-25 01:00:00,phone,YouTube,53.4
2025-07-25 01:00:00,tablet,WhatsApp,3.91
2025-07-25 01:15:00,laptop,Browsing,6.74
2025-07-25 01:15:00,phone,Netflix,107.4
2025-07-25 01:15:00,tablet,YouTube,93.27
2025-07-25 01:30:00,laptop,Browsing,11.03
2025-07-25 01:30:00,phone,Zoom,47.05
2025-07-25 01:30:00,tablet,Netflix,89.51
2025-07-25 01:45:00,laptop,Zoom,89.06
2025-07-25 01:45:00,phone,Zoom,53.59
2025-07-25 01:45:00,tablet,WhatsApp,3.56
2025-07-25 02:00:00,laptop,WhatsApp,0.8
2025-07-25 02:00:00,phone,WhatsApp,2.33
2025-07-25 02:00:00,tablet,Netflix,98.23
2025-07-25 02:15:00,laptop,YouTube,90.6
2025-07-25 02:15:00,phone,YouTube,26.79
2025-07-25 02:15:00,tablet,WhatsApp,1.9
2025-07-25 02:30:00,laptop,WhatsApp,4.59
2025-07-25 02:30:00,phone,WhatsApp,1.54
2025-07-25 02:30:00,tablet,YouTube,73.63
2025-07-25 02:45:00,laptop,WhatsApp,2.99
2025-07-25 02:45:00,phone,YouTube,28.82
2025-07-25 02:45:00,tablet,Netflix,139.55
2025-07-25 03:00:00,laptop,Netflix,107.07
2025-07-25 03:00:00,phone,Browsing,10.31
2025-07-25 03:00:00,tablet,Netflix,87.06
2025-07-25 03:15:00,laptop,Netflix,109.65
2025-07-25 03:15:00,phone,YouTube,23.32
2025-07-25 03:15:00,tablet,Browsing,11.67
2025-07-25 03:30:00,laptop,Zoom,88.12
2025-07-25 03:30:00,phone,Browsing,11.89
2025-07-25 03:30:00,tablet,WhatsApp,1.95
2025-07-25 03:45:00,laptop,Netflix,41.24
2025-07-25 03:45:00,phone,Browsing,8.73
2025-07-25 03:45:00,tablet,Browsing,14.35
2025-07-25 04:00:00,laptop,YouTube,30.38
2025-07-25 04:00:00,phone,Netflix,23.24
2025-07-25 04:00:00,tablet,Zoom,62.06
2025-07-25 04:15:00,laptop,Zoom,77.87
2025-07-25 04:15:00,phone,Zoom,117.69
2025-07-25 04:15:00,tablet,Browsing,8.35
2025-07-25 04:30:00,laptop,WhatsApp,2.31
2025-07-25 04:30:00,phone,Netflix,97.11
2025-07-25 04:30:00,tablet,Zoom,84.26
2025-07-25 04:45:00,laptop,Zoom,68.87
2025-07-25 04:45:00,phone,Browsing,1.59
2025-07-25 04:45:00,tablet,WhatsApp,3.94
2025-07-25 05:00:00,laptop,Zoom,115.03
2025-07-25 05:00:00,phone,Netflix,99.01
2025-07-25 05:00:00,tablet,Browsing,15.09
2025-07-25 05:15:00,laptop,WhatsApp,2.14
2025-07-25 05:15:00,phone,YouTube,20.49
2025-07-25 05:15:00,tablet,WhatsApp,1.05
2025-07-25 05:30:00,laptop,Zoom,103.28
2025-07-25 05:30:00,phone,Zoom,87.74
2025-07-25 05:30:00,tablet,Browsing,10.74
2025-07-25 05:45:00,laptop,Browsing,10.82
2025-07-25 05:45:00,phone,Zoom,31.19
2025-07-25 05:45:00,tablet,YouTube,42.09
2025-07-25 06:00:00,laptop,YouTube,30.72
2025-07-25 06:00:00,phone,Browsing,16.41
2025-07-25 06:00:00,tablet,Netflix,115.05
2025-07-25 06:15:00,laptop,Browsing,13.15
2025-07-25 06:15:00,phone,Browsing,6.73
2025-07-25 06:15:00,tablet,Browsing,14.3
2025-07-25 06:30:00,laptop,Zoom,47.48
2025-07-25 06:30:00,phone,WhatsApp,2.12
2025-07-25 06:30:00,tablet,Browsing,15.28
2025-07-25 06:45:00,laptop,Zoom,82.09
2025-07-25 06:45:00,phone,Netflix,66.81
2025-07-25 06:45:00,tablet,Browsing,2.42
2025-07-25 07:00:00,laptop,WhatsApp,1.83
2025-07-25 07:00:00,phone,WhatsApp,2.68
2025-07-25 07:00:00,tablet,Netflix,96.23
2025-07-25 07:15:00,laptop,Browsing,11.29
2025-07-25 07:15:00,phone,Zoom,48.84
2025-07-25 07:15:00,tablet,YouTube,88.99
2025-07-25 07:30:00,laptop,YouTube,11.36
2025-07-25 07:30:00,phone,Netflix,34.96
2025-07-25 07:30:00,tablet,WhatsApp,4.65
2025-07-25 07:45:00,laptop,Zoom,51.11
2025-07-25 07:45:00,phone,YouTube,73.68
2025-07-25 07:45:00,tablet,YouTube,99.08
2025-07-25 08:00:00,laptop,Netflix,82.97
2025-07-25 08:00:00,phone,WhatsApp,4.57
2025-07-25 08:00:00,tablet,YouTube,10.44
2025-07-25 08:15:00,laptop,Netflix,68.62
2025-07-25 08:15:00,phone,Browsing,14.31
2025-07-25 08:15:00,tablet,WhatsApp,1.22
2025-07-25 08:30:00,laptop,WhatsApp,4.98
2025-07-25 08:30:00,phone,Netflix,80.35
2025-07-25 08:30:00,tablet,WhatsApp,2.91
2025-07-25 08:45:00,laptop,YouTube,95.57
2025-07-25 08:45:00,phone,YouTube,20.04
2025-07-25 08:45:00,tablet,Netflix,125.18
2025-07-25 09:00:00,laptop,WhatsApp,1.02
2025-07-25 09:00:00,phone,WhatsApp,4.69
2025-07-25 09:00:00,tablet,WhatsApp,4.48
2025-07-25 09:15:00,laptop,Browsing,17.94
2025-07-25 09:15:00,phone,Netflix,85.13
2025-07-25 09:15:00,tablet,Browsing,14.3
2025-07-25 09:30:00,laptop,Browsing,14.89
2025-07-25 09:30:00,phone,WhatsApp,3.68
2025-07-25 09:30:00,tablet,WhatsApp,4.76
2025-07-25 09:45:00,laptop,Zoom,82.96
2025-07-25 09:45:00,phone,Zoom,44.8
2025-07-25 09:45:00,tablet,Zoom,84.44
2025-07-25 10:00:00,laptop,WhatsApp,1.77
2025-07-25 10:00:00,phone,Browsing,17.3
2025-07-25 10:00:00,tablet,WhatsApp,2.38
2025-07-25 10:15:00,laptop,Zoom,63.66
2025-07-25 10:15:00,phone,Netflix,54.24
2025-07-25 10:15:00,tablet,WhatsApp,3.24
2025-07-25 10:30:00,laptop,YouTube,51.15
2025-07-25 10:30:00,phone,Netflix,62.2
2025-07-25 10:30:00,tablet,Zoom,35.12
2025-07-25 10:45:00,laptop,Zoom,117.48
2025-07-25 10:45:00,phone,Browsing,6.2
2025-07-25 10:45:00,tablet,Browsing,3.31
2025-07-25 11:00:00,laptop,YouTube,45.94
2025-07-25 11:00:00,phone,Netflix,36.85
2025-07-25 11:00:00,tablet,Netflix,27.78
2025-07-25 11:15:00,laptop,Netflix,123.52
2025-07-25 11:15:00,phone,Netflix,149.91
2025-07-25 11:15:00,tablet,Browsing,3.47
2025-07-25 11:30:00,laptop,Browsing,17.78
2025-07-25 11:30:00,phone,WhatsApp,0.9
2025-07-25 11:30:00,tablet,WhatsApp,3.49
2025-07-25 11:45:00,laptop,YouTube,57.68
2025-07-25 11:45:00,phone,Netflix,102.35
2025-07-25 11:45:00,tablet,Netflix,73.22
2025-07-25 12:00:00,laptop,Zoom,106.04
2025-07-25 12:00:00,phone,YouTube,86.66
2025-07-25 12:00:00,tablet,WhatsApp,1.09
2025-07-25 12:15:00,laptop,Zoom,76.13
2025-07-25 12:15:00,phone,WhatsApp,2.81
2025-07-25 12:15:00,tablet,Netflix,45.37
2025-07-25 12:30:00,laptop,Zoom,38.95
2025-07-25 12:30:00,phone,Browsing,18.95
2025-07-25 12:30:00,tablet,Netflix,111.09
2025-07-25 12:45:00,laptop,Zoom,74.75
2025-07-25 12:45:00,phone,WhatsApp,2.59
2025-07-25 12:45:00,tablet,Netflix,119.35
2025-07-25 13:00:00,laptop,YouTube,75.87
2025-07-25 13:00:00,phone,Browsing,1.32
2025-07-25 13:00:00,tablet,Browsing,9.52
2025-07-25 13:15:00,laptop,Zoom,38.17
2025-07-25 13:15:00,phone,YouTube,21.35
2025-07-25 13:15:00,tablet,Zoom,48.03
2025-07-25 13:30:00,laptop,WhatsApp,3.89
2025-07-25 13:30:00,phone,Zoom,83.07
2025-07-25 13:30:00,tablet,YouTube,74.76
2025-07-25 13:45:00,laptop,WhatsApp,1.6
2025-07-25 13:45:00,phone,Zoom,70.93
2025-07-25 13:45:00,tablet,Browsing,2.52
2025-07-25 14:00:00,laptop,Browsing,14.41
2025-07-25 14:00:00,phone,Zoom,70.65
2025-07-25 14:00:00,tablet,Netflix,145.97
2025-07-25 14:15:00,laptop,Zoom,106.51
2025-07-25 14:15:00,phone,Zoom,99.21
2025-07-25 14:15:00,tablet,Zoom,61.13
2025-07-25 14:30:00,laptop,WhatsApp,4.12
2025-07-25 14:30:00,phone,Browsing,10.93
2025-07-25 14:30:00,tablet,Zoom,113.51
2025-07-25 14:45:00,laptop,Zoom,39.28
2025-07-25 14:45:00,phone,Netflix,64.56
2025-07-25 14:45:00,tablet,YouTube,62.38
2025-07-25 15:00:00,laptop,WhatsApp,1.02
2025-07-25 15:00:00,phone,Netflix,132.16
2025-07-25 15:00:00,tablet,Browsing,14.72
2025-07-25 15:15:00,laptop,Netflix,148.92
2025-07-25 15:15:00,phone,YouTube,31.8
2025-07-25 15:15:00,tablet,WhatsApp,1.57
2025-07-25 15:30:00,laptop,WhatsApp,2.2
2025-07-25 15:30:00,phone,YouTube,83.37
2025-07-25 15:30:00,tablet,Netflix,120.52
2025-07-25 15:45:00,laptop,Browsing,17.35
2025-07-25 15:45:00,phone,YouTube,47.28
2025-07-25 15:45:00,tablet,Zoom,71.94
2025-07-25 16:00:00,laptop,Browsing,17.19
2025-07-25 16:00:00,phone,YouTube,79.71
2025-07-25 16:00:00,tablet,Netflix,138.57
2025-07-25 16:15:00,laptop,Browsing,3.2
2025-07-25 16:15:00,phone,Zoom,49.2
2025-07-25 16:15:00,tablet,YouTube,79.75
2025-07-25 16:30:00,laptop,YouTube,80.38
2025-07-25 16:30:00,phone,Zoom,70.03
2025-07-25 16:30:00,tablet,WhatsApp,3.26
2025-07-25 16:45:00,laptop,Zoom,81.56
2025-07-25 16:45:00,phone,YouTube,57.02
2025-07-25 16:45:00,tablet,WhatsApp,1.34
2025-07-25 17:00:00,laptop,Zoom,99.26
2025-07-25 17:00:00,phone,WhatsApp,3.54
2025-07-25 17:00:00,tablet,Browsing,8.91
2025-07-25 17:15:00,laptop,YouTube,17.71
2025-07-25 17:15:00,phone,YouTube,40.64
2025-07-25 17:15:00,tablet,YouTube,13.27
2025-07-25 17:30:00,laptop,YouTube,67.63
2025-07-25 17:30:00,phone,Zoom,108.95
2025-07-25 17:30:00,tablet,Browsing,3.39
2025-07-25 17:45:00,laptop,WhatsApp,0.95
2025-07-25 17:45:00,phone,YouTube,70.98
2025-07-25 17:45:00,tablet,YouTube,27.31
2025-07-25 18:00:00,laptop,Netflix,136.86
2025-07-25 18:00:00,phone,Netflix,139.19
2025-07-25 18:00:00,tablet,WhatsApp,3.77
2025-07-25 18:15:00,laptop,WhatsApp,2.91
2025-07-25 18:15:00,phone,Netflix,36.84
2025-07-25 18:15:00,tablet,Zoom,75.8
2025-07-25 18:30:00,laptop,Zoom,97.03
2025-07-25 18:30:00,phone,YouTube,40.86
2025-07-25 18:30:00,tablet,YouTube,21.48
2025-07-25 18:45:00,laptop,Browsing,4.19
2025-07-25 18:45:00,phone,YouTube,68.81
2025-07-25 18:45:00,tablet,Zoom,89.77
2025-07-25 19:00:00,laptop,WhatsApp,1.46
2025-07-25 19:00:00,phone,WhatsApp,2.56
2025-07-25 19:00:00,tablet,WhatsApp,3.05
2025-07-25 19:15:00,laptop,YouTube,13.8
2025-07-25 19:15:00,phone,WhatsApp,3.87
2025-07-25 19:15:00,tablet,WhatsApp,0.92
2025-07-25 19:30:00,laptop,WhatsApp,1.45
2025-07-25 19:30:00,phone,YouTube,82.08
2025-07-25 19:30:00,tablet,Zoom,52.91
2025-07-25 19:45:00,laptop,Zoom,60.23
2025-07-25 19:45:00,phone,Zoom,66.18
2025-07-25 19:45:00,tablet,Zoom,46.82
2025-07-25 20:00:00,laptop,YouTube,29.87
2025-07-25 20:00:00,phone,Netflix,113.04
2025-07-25 20:00:00,tablet,Zoom,37.38
2025-07-25 20:15:00,laptop,WhatsApp,4.51
2025-07-25 20:15:00,phone,Zoom,55.81
2025-07-25 20:15:00,tablet,Browsing,10.53
2025-07-25 20:30:00,laptop,Zoom,62.08
2025-07-25 20:30:00,phone,YouTube,60.83
2025-07-25 20:30:00,tablet,YouTube,93.9
2025-07-25 20:45:00,laptop,Browsing,3.55
2025-07-25 20:45:00,phone,WhatsApp,4.77
2025-07-25 20:45:00,tablet,WhatsApp,4.34
2025-07-25 21:00:00,laptop,Netflix,136.26
2025-07-25 21:00:00,phone,Netflix,27.11
2025-07-25 21:00:00,tablet,Netflix,118.41
2025-07-25 21:15:00,laptop,Browsing,1.95
2025-07-25 21:15:00,phone,Netflix,75.93
2025-07-25 21:15:00,tablet,WhatsApp,2.45
2025-07-25 21:30:00,laptop,YouTube,79.75
2025-07-25 21:30:00,phone,Browsing,17.84
2025-07-25 21:30:00,tablet,YouTube,35.72
2025-07-25 21:45:00,laptop,Netflix,132.0
2025-07-25 21:45:00,phone,Netflix,141.34
2025-07-25 21:45:00,tablet,WhatsApp,0.53
2025-07-25 22:00:00,laptop,Browsing,19.37
2025-07-25 22:00:00,phone,Netflix,103.02
2025-07-25 22:00:00,tablet,WhatsApp,2.25
2025-07-25 22:15:00,laptop,Zoom,33.85
2025-07-25 22:15:00,phone,Browsing,19.55
2025-07-25 22:15:00,tablet,Netflix,50.86
2025-07-25 22:30:00,laptop,Netflix,94.83
2025-07-25 22:30:00,phone,WhatsApp,0.54
2025-07-25 22:30:00,tablet,Netflix,60.24
2025-07-25 22:45:00,laptop,Netflix,78.21
2025-07-25 22:45:00,phone,YouTube,16.23
2025-07-25 22:45:00,tablet,Netflix,101.14
2025-07-25 23:00:00,laptop,WhatsApp,0.74
2025-07-25 23:00:00,phone,Zoom,53.97
2025-07-25 23:00:00,tablet,Zoom,113.24
2025-07-25 23:15:00,laptop,YouTube,33.04
2025-07-25 23:15:00,phone,WhatsApp,0.86
2025-07-25 23:15:00,tablet,Netflix,65.83
2025-07-25 23:30:00,laptop,YouTube,11.71
2025-07-25 23:30:00,phone,Netflix,53.28
2025-07-25 23:30:00,tablet,YouTube,34.98
2025-07-25 23:45:00,laptop,Zoom,119.29
2025-07-25 23:45:00,phone,Zoom,45.38
2025-07-25 23:45:00,tablet,WhatsApp,4.6
2025-07-26 00:00:00,laptop,WhatsApp,1.28
2025-07-26 00:00:00,phone,WhatsApp,2.05
2025-07-26 00:00:00,tablet,YouTube,53.88
2025-07-26 00:15:00,laptop,WhatsApp,2.85
2025-07-26 00:15:00,phone,Netflix,35.82
2025-07-26 00:15:00,tablet,YouTube,13.88
2025-07-26 00:30:00,laptop,Zoom,72.91
2025-07-26 00:30:00,phone,YouTube,71.7
2025-07-26 00:30:00,tablet,WhatsApp,2.87
2025-07-26 00:45:00,laptop,Zoom,71.67
2025-07-26 00:45:00,phone,YouTube,69.08
2025-07-26 00:45:00,tablet,Browsing,1.85
2025-07-26 01:00:00,laptop,WhatsApp,0.74
2025-07-26 01:00:00,phone,Browsing,9.3
2025-07-26 01:00:00,tablet,WhatsApp,0.67
2025-07-26 01:15:00,laptop,Zoom,38.04
2025-07-26 01:15:00,phone,Netflix,43.42
2025-07-26 01:15:00,tablet,Zoom,63.81
2025-07-26 01:30:00,laptop,Browsing,10.76
2025-07-26 01:30:00,phone,Netflix,62.36
2025-07-26 01:30:00,tablet,YouTube,42.85
2025-07-26 01:45:00,laptop,WhatsApp,1.43
2025-07-26 01:45:00,phone,Netflix,70.92
2025-07-26 01:45:00,tablet,Zoom,104.71
2025-07-26 02:00:00,laptop,Netflix,22.68
2025-07-26 02:00:00,phone,Zoom,90.09
2025-07-26 02:00:00,tablet,Browsing,4.92
2025-07-26 02:15:00,laptop,WhatsApp,4.62
2025-07-26 02:15:00,phone,Browsing,5.59
2025-07-26 02:15:00,tablet,Browsing,12.02
2025-07-26 02:30:00,laptop,Zoom,106.9
2025-07-26 02:30:00,phone,WhatsApp,3.94
2025-07-26 02:30:00,tablet,YouTube,47.9
2025-07-26 02:45:00,laptop,Browsing,17.63
2025-07-26 02:45:00,phone,YouTube,86.14
2025-07-26 02:45:00,tablet,WhatsApp,1.11
2025-07-26 03:00:00,laptop,YouTube,21.16
2025-07-26 03:00:00,phone,Zoom,59.58
2025-07-26 03:00:00,tablet,YouTube,79.46
2025-07-26 03:15:00,laptop,Browsing,15.49
2025-07-26 03:15:00,phone,Browsing,1.27
2025-07-26 03:15:00,tablet,YouTube,49.88
2025-07-26 03:30:00,laptop,YouTube,62.95
2025-07-26 03:30:00,phone,Zoom,112.36
2025-07-26 03:30:00,tablet,Zoom,95.79
2025-07-26 03:45:00,laptop,YouTube,45.03
2025-07-26 03:45:00,phone,YouTube,65.19
2025-07-26 03:45:00,tablet,Browsing,18.02
2025-07-26 04:00:00,laptop,Zoom,64.87
2025-07-26 04:00:00,phone,WhatsApp,2.53
2025-07-26 04:00:00,tablet,YouTube,22.79
2025-07-26 04:15:00,laptop,YouTube,11.91
2025-07-26 04:15:00,phone,Zoom,80.5
2025-07-26 04:15:00,tablet,Browsing,17.76
2025-07-26 04:30:00,laptop,YouTube,74.22
2025-07-26 04:30:00,phone,WhatsApp,2.34
2025-07-26 04:30:00,tablet,Zoom,106.72
2025-07-26 04:45:00,laptop,Zoom,42.85
2025-07-26 04:45:00,phone,YouTube,89.4
2025-07-26 04:45:00,tablet,WhatsApp,3.45
2025-07-26 05:00:00,laptop,Zoom,62.75
2025-07-26 05:00:00,phone,YouTube,17.7
2025-07-26 05:00:00,tablet,YouTube,76.68
2025-07-26 05:15:00,laptop,YouTube,18.28
2025-07-26 05:15:00,phone,Netflix,129.45
2025-07-26 05:15:00,tablet,Browsing,14.66
2025-07-26 05:30:00,laptop,WhatsApp,0.98
2025-07-26 05:30:00,phone,YouTube,16.71
2025-07-26 05:30:00,tablet,YouTube,48.42
2025-07-26 05:45:00,laptop,Netflix,72.58
2025-07-26 05:45:00,phone,Netflix,66.53
2025-07-26 05:45:00,tablet,Browsing,12.48
2025-07-26 06:00:00,laptop,Zoom,51.23
2025-07-26 06:00:00,phone,Netflix,83.2
2025-07-26 06:00:00,tablet,Zoom,104.93
2025-07-26 06:15:00,laptop,Browsing,17.86
2025-07-26 06:15:00,phone,WhatsApp,1.62
2025-07-26 06:15:00,tablet,YouTube,42.08
2025-07-26 06:30:00,laptop,WhatsApp,1.79
2025-07-26 06:30:00,phone,YouTube,40.75
2025-07-26 06:30:00,tablet,Zoom,86.75
2025-07-26 06:45:00,laptop,Netflix,105.96
2025-07-26 06:45:00,phone,Netflix,135.63
2025-07-26 06:45:00,tablet,WhatsApp,4.28
2025-07-26 07:00:00,laptop,YouTube,77.07
2025-07-26 07:00:00,phone,Zoom,66.77
2025-07-26 07:00:00,tablet,Browsing,10.73
2025-07-26 07:15:00,laptop,YouTube,55.75
2025-07-26 07:15:00,phone,Browsing,5.91
2025-07-26 07:15:00,tablet,Zoom,36.74
2025-07-26 07:30:00,laptop,WhatsApp,3.47
2025-07-26 07:30:00,phone,Zoom,115.8
2025-07-26 07:30:00,tablet,Browsing,1.25
2025-07-26 07:45:00,laptop,WhatsApp,0.82
2025-07-26 07:45:00,phone,WhatsApp,0.79
2025-07-26 07:45:00,tablet,Netflix,89.11
2025-07-26 08:00:00,laptop,Zoom,31.04
2025-07-26 08:00:00,phone,Netflix,109.66
2025-07-26 08:00:00,tablet,YouTube,65.07
2025-07-26 08:15:00,laptop,YouTube,27.07
2025-07-26 08:15:00,phone,Netflix,74.44
2025-07-26 08:15:00,tablet,YouTube,10.08
2025-07-26 08:30:00,laptop,Zoom,95.93
2025-07-26 08:30:00,phone,YouTube,24.84
2025-07-26 08:30:00,tablet,Zoom,54.63
2025-07-26 08:45:00,laptop,Netflix,60.94
2025-07-26 08:45:00,phone,Zoom,107.05
2025-07-26 08:45:00,tablet,YouTube,66.74
2025-07-26 09:00:00,laptop,WhatsApp,2.64
2025-07-26 09:00:00,phone,WhatsApp,1.4
2025-07-26 09:00:00,tablet,Browsing,5.52
2025-07-26 09:15:00,laptop,WhatsApp,1.81
2025-07-26 09:15:00,phone,Zoom,82.91
2025-07-26 09:15:00,tablet,Zoom,46.37
2025-07-26 09:30:00,laptop,Netflix,66.89
2025-07-26 09:30:00,phone,Netflix,120.07
2025-07-26 09:30:00,tablet,WhatsApp,1.11
2025-07-26 09:45:00,laptop,Netflix,88.12
2025-07-26 09:45:00,phone,YouTube,93.28
2025-07-26 09:45:00,tablet,Browsing,8.94
2025-07-26 10:00:00,laptop,WhatsApp,2.9
2025-07-26 10:00:00,phone,Browsing,19.66
2025-07-26 10:00:00,tablet,Zoom,60.03
2025-07-26 10:15:00,laptop,Zoom,30.22
2025-07-26 10:15:00,phone,Zoom,46.56
2025-07-26 10:15:00,tablet,Zoom,81.13
2025-07-26 10:30:00,laptop,WhatsApp,0.78
2025-07-26 10:30:00,phone,Browsing,14.42
2025-07-26 10:30:00,tablet,WhatsApp,2.4
2025-07-26 10:45:00,laptop,Zoom,104.33
2025-07-26 10:45:00,phone,Netflix,148.21
2025-07-26 10:45:00,tablet,Browsing,8.63
2025-07-26 11:00:00,laptop,Netflix,111.27
2025-07-26 11:00:00,phone,YouTube,91.48
2025-07-26 11:00:00,tablet,YouTube,95.15
2025-07-26 11:15:00,laptop,WhatsApp,4.19
2025-07-26 11:15:00,phone,WhatsApp,1.39
2025-07-26 11:15:00,tablet,YouTube,86.61
2025-07-26 11:30:00,laptop,WhatsApp,2.19
2025-07-26 11:30:00,phone,Browsing,11.77
2025-07-26 11:30:00,tablet,Netflix,55.68
2025-07-26 11:45:00,laptop,YouTube,13.33
2025-07-26 11:45:00,phone,Zoom,51.47
2025-07-26 11:45:00,tablet,Zoom,91.98
2025-07-26 12:00:00,laptop,Zoom,38.29
2025-07-26 12:00:00,phone,YouTube,53.81
2025-07-26 12:00:00,tablet,Netflix,71.16
2025-07-26 12:15:00,laptop,Browsing,18.49
2025-07-26 12:15:00,phone,WhatsApp,0.58
2025-07-26 12:15:00,tablet,Browsing,3.81
2025-07-26 12:30:00,laptop,WhatsApp,3.97
2025-07-26 12:30:00,phone,Zoom,53.39
2025-07-26 12:30:00,tablet,WhatsApp,4.38
2025-07-26 12:45:00,laptop,YouTube,18.28
2025-07-26 12:45:00,phone,Netflix,118.74
2025-07-26 12:45:00,tablet,Netflix,80.57
2025-07-26 13:00:00,laptop,Netflix,39.58
2025-07-26 13:00:00,phone,Browsing,15.23
2025-07-26 13:00:00,tablet,Browsing,17.48
2025-07-26 13:15:00,laptop,WhatsApp,4.99
2025-07-26 13:15:00,phone,Netflix,73.39
2025-07-26 13:15:00,tablet,Browsing,11.27
2025-07-26 13:30:00,laptop,WhatsApp,0.8
2025-07-26 13:30:00,phone,Browsing,13.67
2025-07-26 13:30:00,tablet,WhatsApp,2.63
2025-07-26 13:45:00,laptop,Zoom,63.11
2025-07-26 13:45:00,phone,YouTube,94.36
2025-07-26 13:45:00,tablet,Netflix,53.93
2025-07-26 14:00:00,laptop,WhatsApp,0.54
2025-07-26 14:00:00,phone,YouTube,97.57
2025-07-26 14:00:00,tablet,Zoom,94.02
2025-07-26 14:15:00,laptop,YouTube,53.91
2025-07-26 14:15:00,phone,Netflix,62.19
2025-07-26 14:15:00,tablet,Browsing,14.99
2025-07-26 14:30:00,laptop,Browsing,13.3
2025-07-26 14:30:00,phone,Zoom,51.06
2025-07-26 14:30:00,tablet,YouTube,26.13
2025-07-26 14:45:00,laptop,Zoom,53.66
2025-07-26 14:45:00,phone,YouTube,43.4
2025-07-26 14:45:00,tablet,Netflix,99.88
2025-07-26 15:00:00,laptop,Zoom,111.62
2025-07-26 15:00:00,phone,Browsing,16.19
2025-07-26 15:00:00,tablet,YouTube,59.73
2025-07-26 15:15:00,laptop,Browsing,14.26
2025-07-26 15:15:00,phone,WhatsApp,4.99
2025-07-26 15:15:00,tablet,Netflix,25.11
2025-07-26 15:30:00,laptop,Netflix,45.05
2025-07-26 15:30:00,phone,YouTube,88.03
2025-07-26 15:30:00,tablet,WhatsApp,4.41
2025-07-26 15:45:00,laptop,YouTube,87.85
2025-07-26 15:45:00,phone,Browsing,11.79
2025-07-26 15:45:00,tablet,WhatsApp,4.48
2025-07-26 16:00:00,laptop,Browsing,11.26
2025-07-26 16:00:00,phone,Browsing,8.03
2025-07-26 16:00:00,tablet,Netflix,62.62
2025-07-26 16:15:00,laptop,Zoom,100.32
2025-07-26 16:15:00,phone,YouTube,85.03
2025-07-26 16:15:00,tablet,Netflix,83.07
2025-07-26 16:30:00,laptop,Netflix,79.57
2025-07-26 16:30:00,phone,Browsing,5.69
2025-07-26 16:30:00,tablet,YouTube,80.64
2025-07-26 16:45:00,laptop,Browsing,19.66
2025-07-26 16:45:00,phone,YouTube,47.84
2025-07-26 16:45:00,tablet,Browsing,17.74
2025-07-26 17:00:00,laptop,WhatsApp,4.56
2025-07-26 17:00:00,phone,WhatsApp,3.44
2025-07-26 17:00:00,tablet,WhatsApp,3.3
2025-07-26 17:15:00,laptop,YouTube,30.43
2025-07-26 17:15:00,phone,YouTube,25.02
2025-07-26 17:15:00,tablet,Zoom,45.0
2025-07-26 17:30:00,laptop,Browsing,3.53
2025-07-26 17:30:00,phone,WhatsApp,4.99
2025-07-26 17:30:00,tablet,WhatsApp,4.03
2025-07-26 17:45:00,laptop,Zoom,113.34
2025-07-26 17:45:00,phone,Browsing,19.11
2025-07-26 17:45:00,tablet,YouTube,70.08
2025-07-26 18:00:00,laptop,Netflix,59.05
2025-07-26 18:00:00,phone,Browsing,11.39
2025-07-26 18:00:00,tablet,YouTube,33.47
2025-07-26 18:15:00,laptop,Zoom,38.22
2025-07-26 18:15:00,phone,WhatsApp,1.35
2025-07-26 18:15:00,tablet,WhatsApp,0.9
2025-07-26 18:30:00,laptop,Netflix,30.38
2025-07-26 18:30:00,phone,Netflix,104.4
2025-07-26 18:30:00,tablet,Zoom,118.39
2025-07-26 18:45:00,laptop,Browsing,1.87
2025-07-26 18:45:00,phone,Netflix,103.82
2025-07-26 18:45:00,tablet,Zoom,65.0
2025-07-26 19:00:00,laptop,WhatsApp,2.22
2025-07-26 19:00:00,phone,WhatsApp,3.26
2025-07-26 19:00:00,tablet,Netflix,139.36
2025-07-26 19:15:00,laptop,WhatsApp,3.91
2025-07-26 19:15:00,phone,Netflix,95.86
2025-07-26 19:15:00,tablet,WhatsApp,2.85
2025-07-26 19:30:00,laptop,WhatsApp,2.71
2025-07-26 19:30:00,phone,Netflix,39.01
2025-07-26 19:30:00,tablet,Netflix,132.93
2025-07-26 19:45:00,laptop,Browsing,12.26
2025-07-26 19:45:00,phone,Netflix,103.0
2025-07-26 19:45:00,tablet,YouTube,43.83
2025-07-26 20:00:00,laptop,Zoom,46.13
2025-07-26 20:00:00,phone,WhatsApp,4.56
2025-07-26 20:00:00,tablet,YouTube,62.71
2025-07-26 20:15:00,laptop,Zoom,83.79
2025-07-26 20:15:00,phone,Zoom,31.19
2025-07-26 20:15:00,tablet,YouTube,79.19
2025-07-26 20:30:00,laptop,WhatsApp,2.51
2025-07-26 20:30:00,phone,Netflix,69.04
2025-07-26 20:30:00,tablet,YouTube,22.01
2025-07-26 20:45:00,laptop,YouTube,92.68
2025-07-26 20:45:00,phone,Zoom,92.73
2025-07-26 20:45:00,tablet,YouTube,62.11
2025-07-26 21:00:00,laptop,Netflix,112.71
2025-07-26 21:00:00,phone,YouTube,54.1
2025-07-26 21:00:00,tablet,YouTube,97.76
2025-07-26 21:15:00,laptop,WhatsApp,0.64
2025-07-26 21:15:00,phone,WhatsApp,2.74
2025-07-26 21:15:00,tablet,Zoom,80.18
2025-07-26 21:30:00,laptop,YouTube,70.81
2025-07-26 21:30:00,phone,WhatsApp,4.24
2025-07-26 21:30:00,tablet,WhatsApp,0.99
2025-07-26 21:45:00,laptop,Netflix,86.95
2025-07-26 21:45:00,phone,YouTube,10.05
2025-07-26 21:45:00,tablet,YouTube,46.46
2025-07-26 22:00:00,laptop,Netflix,93.8
2025-07-26 22:00:00,phone,YouTube,39.42
2025-07-26 22:00:00,tablet,WhatsApp,0.61
2025-07-26 22:15:00,laptop,Netflix,85.56
2025-07-26 22:15:00,phone,Browsing,14.37
2025-07-26 22:15:00,tablet,WhatsApp,1.99
2025-07-26 22:30:00,laptop,Netflix,128.06
2025-07-26 22:30:00,phone,YouTube,61.83
2025-07-26 22:30:00,tablet,Browsing,6.09
2025-07-26 22:45:00,laptop,WhatsApp,1.04
2025-07-26 22:45:00,phone,YouTube,45.66
2025-07-26 22:45:00,tablet,Browsing,4.72
2025-07-26 23:00:00,laptop,WhatsApp,3.7
2025-07-26 23:00:00,phone,YouTube,55.99
2025-07-26 23:00:00,tablet,WhatsApp,2.56
2025-07-26 23:15:00,laptop,YouTube,98.13
2025-07-26 23:15:00,phone,Netflix,88.58
2025-07-26 23:15:00,tablet,YouTube,56.29
2025-07-26 23:30:00,laptop,WhatsApp,1.57
2025-07-26 23:30:00,phone,Zoom,96.76
2025-07-26 23:30:00,tablet,Browsing,6.36
2025-07-26 23:45:00,laptop,YouTube,52.08
2025-07-26 23:45:00,phone,WhatsApp,3.87
2025-07-26 23:45:00,tablet,Browsing,16.88
